五行,無料(○),アイテム,似合う色,メモ,時間帯,九星タグ,表示文,カテゴリ,使う場面,季節タグ,重複回避タグ
木,○,観葉植物の小鉢,深緑,伸びる・育つ・呼吸を戻すヒント,朝・昼,三碧木星・四緑木星,今日は「観葉植物の小鉢」を取り入れると、気持ちの呼吸が戻りやすいかもしれません。,植物・花,部屋や机まわりを整える,通年,木|植物・花|深緑|観葉植物の小鉢
木,○,木のお箸,生成り,伸びる・育つ・呼吸を戻すヒント,朝・昼,三碧木星・四緑木星,今日は「木のお箸」を取り入れると、気持ちの呼吸が戻りやすいかもしれません。,暮らしの道具,生活の土台を整える,通年,木|暮らしの道具|生成り|木のお箸
木,○,文庫本を一冊,若草色,伸びる・育つ・呼吸を戻すヒント,朝・昼,三碧木星・四緑木星,今日は「文庫本を一冊」を取り入れると、気持ちの呼吸が戻りやすいかもしれません。,文具・学び,考えごと・学び,通年,木|文具・学び|若草色|文庫本を一冊
木,○,リネンのハンカチ,アイボリー,伸びる・育つ・呼吸を戻すヒント,朝・昼,三碧木星・四緑木星,今日は「リネンのハンカチ」を取り入れると、気持ちの呼吸が戻りやすいかもしれません。,身につけるもの,外出前・身支度,通年,木|身につけるもの|アイボリー|リネンのハンカチ
木,○,ミントのハーブティー,ミントグリーン,伸びる・育つ・呼吸を戻すヒント,朝・昼,三碧木星・四緑木星,今日は「ミントのハーブティー」を取り入れると、気持ちの呼吸が戻りやすいかもしれません。,日用品,日常に小さく取り入れる,夏,木|日用品|ミントグリーン|ミントのハーブティー
木,○,ユーカリのスワッグ,グレイッシュグリーン,伸びる・育つ・呼吸を戻すヒント,朝・昼,三碧木星・四緑木星,今日は「ユーカリのスワッグ」を取り入れると、気持ちの呼吸が戻りやすいかもしれません。,植物・花,部屋や机まわりを整える,通年,木|植物・花|グレイッシュグリーン|ユーカリのスワッグ
木,○,ヒノキのアロマオイル,ベージュ,伸びる・育つ・呼吸を戻すヒント,朝・昼,三碧木星・四緑木星,今日は「ヒノキのアロマオイル」を取り入れると、気持ちの呼吸が戻りやすいかもしれません。,香り・灯り,気分の切り替え,通年,木|香り・灯り|ベージュ|ヒノキのアロマオイル
木,○,籐のかごバッグ,ナチュラルブラウン,伸びる・育つ・呼吸を戻すヒント,朝・昼,三碧木星・四緑木星,今日は「籐のかごバッグ」を取り入れると、気持ちの呼吸が戻りやすいかもしれません。,身につけるもの,外出前・身支度,通年,木|身につけるもの|ナチュラルブラウン|籐のかごバッグ
木,○,ビカクシダ（観葉植物）,フォレストグリーン,伸びる・育つ・呼吸を戻すヒント,朝・昼,三碧木星・四緑木星,今日は「ビカクシダ（観葉植物）」を取り入れると、気持ちの呼吸が戻りやすいかもしれません。,植物・花,部屋や机まわりを整える,通年,木|植物・花|フォレストグリーン|ビカクシダ（観葉植物）
木,○,木製のフォトフレーム,ライトウッド,伸びる・育つ・呼吸を戻すヒント,朝・昼,三碧木星・四緑木星,今日は「木製のフォトフレーム」を取り入れると、気持ちの呼吸が戻りやすいかもしれません。,暮らしの道具,生活の土台を整える,通年,木|暮らしの道具|ライトウッド|木製のフォトフレーム
木,○,多肉植物の寄せ植え,セージグリーン,伸びる・育つ・呼吸を戻すヒント,朝・昼,三碧木星・四緑木星,今日は「多肉植物の寄せ植え」を取り入れると、気持ちの呼吸が戻りやすいかもしれません。,植物・花,部屋や机まわりを整える,通年,木|植物・花|セージグリーン|多肉植物の寄せ植え
木,○,グリーンのニットベスト,カーキ,伸びる・育つ・呼吸を戻すヒント,朝・昼,三碧木星・四緑木星,今日は「グリーンのニットベスト」を取り入れると、気持ちの呼吸が戻りやすいかもしれません。,身につけるもの,外出前・身支度,秋・冬,木|身につけるもの|カーキ|グリーンのニットベスト
木,○,竹の歯ブラシ,生成り,伸びる・育つ・呼吸を戻すヒント,朝・昼,三碧木星・四緑木星,今日は「竹の歯ブラシ」を取り入れると、気持ちの呼吸が戻りやすいかもしれません。,暮らしの道具,生活の土台を整える,夏,木|暮らしの道具|生成り|竹の歯ブラシ
木,○,抹茶ラテ,抹茶色,伸びる・育つ・呼吸を戻すヒント,朝・昼,三碧木星・四緑木星,今日は「抹茶ラテ」を取り入れると、気持ちの呼吸が戻りやすいかもしれません。,飲食・休息,休憩・回復,通年,木|飲食・休息|抹茶色|抹茶ラテ
木,○,アロマディフューザー,オフホワイト,伸びる・育つ・呼吸を戻すヒント,朝・昼,三碧木星・四緑木星,今日は「アロマディフューザー」を取り入れると、気持ちの呼吸が戻りやすいかもしれません。,香り・灯り,気分の切り替え,通年,木|香り・灯り|オフホワイト|アロマディフューザー
木,○,モンステラ（観葉植物）,ディープグリーン,伸びる・育つ・呼吸を戻すヒント,朝・昼,三碧木星・四緑木星,今日は「モンステラ（観葉植物）」を取り入れると、気持ちの呼吸が戻りやすいかもしれません。,植物・花,部屋や机まわりを整える,通年,木|植物・花|ディープグリーン|モンステラ（観葉植物）
木,○,麻のエプロン,リネンベージュ,伸びる・育つ・呼吸を戻すヒント,朝・昼,三碧木星・四緑木星,今日は「麻のエプロン」を取り入れると、気持ちの呼吸が戻りやすいかもしれません。,身につけるもの,外出前・身支度,夏,木|身につけるもの|リネンベージュ|麻のエプロン
木,○,木製のキーホルダー,チーク,伸びる・育つ・呼吸を戻すヒント,朝・昼,三碧木星・四緑木星,今日は「木製のキーホルダー」を取り入れると、気持ちの呼吸が戻りやすいかもしれません。,日用品,日常に小さく取り入れる,通年,木|日用品|チーク|木製のキーホルダー
木,○,ボタニカル柄のスカーフ,オリーブ,伸びる・育つ・呼吸を戻すヒント,朝・昼,三碧木星・四緑木星,今日は「ボタニカル柄のスカーフ」を取り入れると、気持ちの呼吸が戻りやすいかもしれません。,身につけるもの,外出前・身支度,通年,木|身につけるもの|オリーブ|ボタニカル柄のスカーフ
木,○,新しい手帳,モスグリーン,伸びる・育つ・呼吸を戻すヒント,朝・昼,三碧木星・四緑木星,今日は「新しい手帳」を取り入れると、気持ちの呼吸が戻りやすいかもしれません。,文具・学び,考えごと・学び,通年,木|文具・学び|モスグリーン|新しい手帳
木,○,木製のペン,ウォルナット,伸びる・育つ・呼吸を戻すヒント,朝・昼,三碧木星・四緑木星,今日は「木製のペン」を取り入れると、気持ちの呼吸が戻りやすいかもしれません。,文具・学び,考えごと・学び,通年,木|文具・学び|ウォルナット|木製のペン
木,○,若草色の付箋,若草色,伸びる・育つ・呼吸を戻すヒント,朝・昼,三碧木星・四緑木星,今日は「若草色の付箋」を取り入れると、気持ちの呼吸が戻りやすいかもしれません。,日用品,日常に小さく取り入れる,春,木|日用品|若草色|若草色の付箋
木,○,緑のブックカバー,グリーン,伸びる・育つ・呼吸を戻すヒント,朝・昼,三碧木星・四緑木星,今日は「緑のブックカバー」を取り入れると、気持ちの呼吸が戻りやすいかもしれません。,文具・学び,考えごと・学び,通年,木|文具・学び|グリーン|緑のブックカバー
木,○,杉のコースター,ライトウッド,伸びる・育つ・呼吸を戻すヒント,朝・昼,三碧木星・四緑木星,今日は「杉のコースター」を取り入れると、気持ちの呼吸が戻りやすいかもしれません。,暮らしの道具,生活の土台を整える,通年,木|暮らしの道具|ライトウッド|杉のコースター
木,○,青じその薬味,青じそ色,伸びる・育つ・呼吸を戻すヒント,朝・昼,三碧木星・四緑木星,今日は「青じその薬味」を取り入れると、気持ちの呼吸が戻りやすいかもしれません。,日用品,日常に小さく取り入れる,通年,木|日用品|青じそ色|青じその薬味
木,○,バジルのパスタ,バジルグリーン,伸びる・育つ・呼吸を戻すヒント,朝・昼,三碧木星・四緑木星,今日は「バジルのパスタ」を取り入れると、気持ちの呼吸が戻りやすいかもしれません。,日用品,日常に小さく取り入れる,通年,木|日用品|バジルグリーン|バジルのパスタ
木,○,木のトレー,ライトウッド,伸びる・育つ・呼吸を戻すヒント,朝・昼,三碧木星・四緑木星,今日は「木のトレー」を取り入れると、気持ちの呼吸が戻りやすいかもしれません。,暮らしの道具,生活の土台を整える,通年,木|暮らしの道具|ライトウッド|木のトレー
木,○,グリーンのスマホ壁紙,エメラルドグリーン,伸びる・育つ・呼吸を戻すヒント,朝・昼,三碧木星・四緑木星,今日は「グリーンのスマホ壁紙」を取り入れると、気持ちの呼吸が戻りやすいかもしれません。,デジタル・仕事道具,机まわりを整える,通年,木|デジタル・仕事道具|エメラルドグリーン|グリーンのスマホ壁紙
木,○,森林の写真,フォレストグリーン,伸びる・育つ・呼吸を戻すヒント,朝・昼,三碧木星・四緑木星,今日は「森林の写真」を取り入れると、気持ちの呼吸が戻りやすいかもしれません。,インテリア,視界を整える,通年,木|インテリア|フォレストグリーン|森林の写真
木,○,ハーブの鉢植え,ハーブグリーン,伸びる・育つ・呼吸を戻すヒント,朝・昼,三碧木星・四緑木星,今日は「ハーブの鉢植え」を取り入れると、気持ちの呼吸が戻りやすいかもしれません。,植物・花,部屋や机まわりを整える,春,木|植物・花|ハーブグリーン|ハーブの鉢植え
木,,竹製のカトラリー,竹色,伸びる・育つ・呼吸を戻すヒント,朝・昼,三碧木星・四緑木星,今日は「竹製のカトラリー」を取り入れると、気持ちの呼吸が戻りやすいかもしれません。,日用品,日常に小さく取り入れる,夏,木|日用品|竹色|竹製のカトラリー
木,,木製のヘアブラシ,ナチュラルブラウン,伸びる・育つ・呼吸を戻すヒント,朝・昼,三碧木星・四緑木星,今日は「木製のヘアブラシ」を取り入れると、気持ちの呼吸が戻りやすいかもしれません。,日用品,日常に小さく取り入れる,通年,木|日用品|ナチュラルブラウン|木製のヘアブラシ
木,,グリーンのマグカップ,リーフグリーン,伸びる・育つ・呼吸を戻すヒント,朝・昼,三碧木星・四緑木星,今日は「グリーンのマグカップ」を取り入れると、気持ちの呼吸が戻りやすいかもしれません。,飲食・休息,休憩・回復,通年,木|飲食・休息|リーフグリーン|グリーンのマグカップ
木,,葉っぱ柄のノート,リーフグリーン,伸びる・育つ・呼吸を戻すヒント,朝・昼,三碧木星・四緑木星,今日は「葉っぱ柄のノート」を取り入れると、気持ちの呼吸が戻りやすいかもしれません。,文具・学び,考えごと・学び,通年,木|文具・学び|リーフグリーン|葉っぱ柄のノート
木,,緑茶,茶葉色,伸びる・育つ・呼吸を戻すヒント,朝・昼,三碧木星・四緑木星,今日は「緑茶」を取り入れると、気持ちの呼吸が戻りやすいかもしれません。,飲食・休息,休憩・回復,通年,木|飲食・休息|茶葉色|緑茶
木,,小さな花瓶のグリーン,オリーブグリーン,伸びる・育つ・呼吸を戻すヒント,朝・昼,三碧木星・四緑木星,今日は「小さな花瓶のグリーン」を取り入れると、気持ちの呼吸が戻りやすいかもしれません。,植物・花,部屋や机まわりを整える,春,木|植物・花|オリーブグリーン|小さな花瓶のグリーン
木,,ウッドビーズのブレスレット,ナチュラルブラウン,伸びる・育つ・呼吸を戻すヒント,朝・昼,三碧木星・四緑木星,今日は「ウッドビーズのブレスレット」を取り入れると、気持ちの呼吸が戻りやすいかもしれません。,身につけるもの,外出前・身支度,通年,木|身につけるもの|ナチュラルブラウン|ウッドビーズのブレスレット
木,,草木染めのハンカチ,グリーン,伸びる・育つ・呼吸を戻すヒント,朝・昼,三碧木星・四緑木星,今日は「草木染めのハンカチ」を取り入れると、気持ちの呼吸が戻りやすいかもしれません。,身につけるもの,外出前・身支度,通年,木|身につけるもの|グリーン|草木染めのハンカチ
木,,木目のスマホケース,ウッドブラウン,伸びる・育つ・呼吸を戻すヒント,朝・昼,三碧木星・四緑木星,今日は「木目のスマホケース」を取り入れると、気持ちの呼吸が戻りやすいかもしれません。,デジタル・仕事道具,机まわりを整える,通年,木|デジタル・仕事道具|ウッドブラウン|木目のスマホケース
木,,ミントタブレット,ミントブルー,伸びる・育つ・呼吸を戻すヒント,朝・昼,三碧木星・四緑木星,今日は「ミントタブレット」を取り入れると、気持ちの呼吸が戻りやすいかもしれません。,日用品,日常に小さく取り入れる,夏,木|日用品|ミントブルー|ミントタブレット
木,,ハーブのサシェ,セージグリーン,伸びる・育つ・呼吸を戻すヒント,朝・昼,三碧木星・四緑木星,今日は「ハーブのサシェ」を取り入れると、気持ちの呼吸が戻りやすいかもしれません。,日用品,日常に小さく取り入れる,春,木|日用品|セージグリーン|ハーブのサシェ
木,,オリーブ色の靴下,オリーブ,伸びる・育つ・呼吸を戻すヒント,朝・昼,三碧木星・四緑木星,今日は「オリーブ色の靴下」を取り入れると、気持ちの呼吸が戻りやすいかもしれません。,身につけるもの,外出前・身支度,通年,木|身につけるもの|オリーブ|オリーブ色の靴下
木,,グリーンのクリアファイル,グリーン,伸びる・育つ・呼吸を戻すヒント,朝・昼,三碧木星・四緑木星,今日は「グリーンのクリアファイル」を取り入れると、気持ちの呼吸が戻りやすいかもしれません。,文具・学び,考えごと・学び,通年,木|文具・学び|グリーン|グリーンのクリアファイル
木,,木製のスマホスタンド,ライトウッド,伸びる・育つ・呼吸を戻すヒント,朝・昼,三碧木星・四緑木星,今日は「木製のスマホスタンド」を取り入れると、気持ちの呼吸が戻りやすいかもしれません。,暮らしの道具,生活の土台を整える,通年,木|暮らしの道具|ライトウッド|木製のスマホスタンド
木,,森林音のプレイリスト,深緑,伸びる・育つ・呼吸を戻すヒント,朝・昼,三碧木星・四緑木星,今日は「森林音のプレイリスト」を取り入れると、気持ちの呼吸が戻りやすいかもしれません。,香り・灯り,気分の切り替え,通年,木|香り・灯り|深緑|森林音のプレイリスト
木,,ミントのアロマカード,若草色,伸びる・育つ・呼吸を戻すヒント,朝・昼,三碧木星・四緑木星,今日は「ミントのアロマカード」を取り入れると、気持ちの呼吸が戻りやすいかもしれません。,文具・学び,考えごと・学び,夏,木|文具・学び|若草色|ミントのアロマカード
木,,並木道のポストカード,新緑,伸びる・育つ・呼吸を戻すヒント,朝・昼,三碧木星・四緑木星,今日は「並木道のポストカード」を取り入れると、気持ちの呼吸が戻りやすいかもしれません。,文具・学び,考えごと・学び,通年,木|文具・学び|新緑|並木道のポストカード
木,,小さな切り花,リーフグリーン,伸びる・育つ・呼吸を戻すヒント,朝・昼,三碧木星・四緑木星,今日は「小さな切り花」を取り入れると、気持ちの呼吸が戻りやすいかもしれません。,植物・花,部屋や机まわりを整える,春,木|植物・花|リーフグリーン|小さな切り花
木,,緑のボールペン,モスグリーン,伸びる・育つ・呼吸を戻すヒント,朝・昼,三碧木星・四緑木星,今日は「緑のボールペン」を取り入れると、気持ちの呼吸が戻りやすいかもしれません。,文具・学び,考えごと・学び,通年,木|文具・学び|モスグリーン|緑のボールペン
木,,木のしおり,チーク,伸びる・育つ・呼吸を戻すヒント,朝・昼,三碧木星・四緑木星,今日は「木のしおり」を取り入れると、気持ちの呼吸が戻りやすいかもしれません。,文具・学び,考えごと・学び,通年,木|文具・学び|チーク|木のしおり
木,,青竹色のポーチ,青竹色,伸びる・育つ・呼吸を戻すヒント,朝・昼,三碧木星・四緑木星,今日は「青竹色のポーチ」を取り入れると、気持ちの呼吸が戻りやすいかもしれません。,身につけるもの,外出前・身支度,夏,木|身につけるもの|青竹色|青竹色のポーチ
木,,グリーンのランチョンマット,リーフグリーン,伸びる・育つ・呼吸を戻すヒント,朝・昼,三碧木星・四緑木星,今日は「グリーンのランチョンマット」を取り入れると、気持ちの呼吸が戻りやすいかもしれません。,暮らしの道具,生活の土台を整える,通年,木|暮らしの道具|リーフグリーン|グリーンのランチョンマット
木,,植物柄のマスキングテープ,ボタニカルグリーン,伸びる・育つ・呼吸を戻すヒント,朝・昼,三碧木星・四緑木星,今日は「植物柄のマスキングテープ」を取り入れると、気持ちの呼吸が戻りやすいかもしれません。,植物・花,部屋や机まわりを整える,通年,木|植物・花|ボタニカルグリーン|植物柄のマスキングテープ
木,,ヒバの入浴剤,グリーンベージュ,伸びる・育つ・呼吸を戻すヒント,朝・昼,三碧木星・四緑木星,今日は「ヒバの入浴剤」を取り入れると、気持ちの呼吸が戻りやすいかもしれません。,飲食・休息,休憩・回復,秋・冬,木|飲食・休息|グリーンベージュ|ヒバの入浴剤
木,,苔玉,モスグリーン,伸びる・育つ・呼吸を戻すヒント,朝・昼,三碧木星・四緑木星,今日は「苔玉」を取り入れると、気持ちの呼吸が戻りやすいかもしれません。,植物・花,部屋や机まわりを整える,通年,木|植物・花|モスグリーン|苔玉
木,,若葉色のカードケース,若葉色,伸びる・育つ・呼吸を戻すヒント,朝・昼,三碧木星・四緑木星,今日は「若葉色のカードケース」を取り入れると、気持ちの呼吸が戻りやすいかもしれません。,文具・学び,考えごと・学び,通年,木|文具・学び|若葉色|若葉色のカードケース
木,,木製の小皿,ナチュラルブラウン,伸びる・育つ・呼吸を戻すヒント,朝・昼,三碧木星・四緑木星,今日は「木製の小皿」を取り入れると、気持ちの呼吸が戻りやすいかもしれません。,暮らしの道具,生活の土台を整える,通年,木|暮らしの道具|ナチュラルブラウン|木製の小皿
木,,レモングラスティー,レモングラス色,伸びる・育つ・呼吸を戻すヒント,朝・昼,三碧木星・四緑木星,今日は「レモングラスティー」を取り入れると、気持ちの呼吸が戻りやすいかもしれません。,日用品,日常に小さく取り入れる,通年,木|日用品|レモングラス色|レモングラスティー
木,,緑のペーパーウェイト,ジェイドグリーン,伸びる・育つ・呼吸を戻すヒント,朝・昼,三碧木星・四緑木星,今日は「緑のペーパーウェイト」を取り入れると、気持ちの呼吸が戻りやすいかもしれません。,文具・学び,考えごと・学び,通年,木|文具・学び|ジェイドグリーン|緑のペーパーウェイト
木,,竹炭の消臭袋,チャコールグリーン,伸びる・育つ・呼吸を戻すヒント,朝・昼,三碧木星・四緑木星,今日は「竹炭の消臭袋」を取り入れると、気持ちの呼吸が戻りやすいかもしれません。,日用品,日常に小さく取り入れる,夏,木|日用品|チャコールグリーン|竹炭の消臭袋
木,,葉脈柄の便箋,若草色,伸びる・育つ・呼吸を戻すヒント,朝・昼,三碧木星・四緑木星,今日は「葉脈柄の便箋」を取り入れると、気持ちの呼吸が戻りやすいかもしれません。,文具・学び,考えごと・学び,通年,木|文具・学び|若草色|葉脈柄の便箋
木,,枝ものを一輪,ナチュラルブラウン,伸びる・育つ・呼吸を戻すヒント,朝・昼,三碧木星・四緑木星,今日は「枝ものを一輪」を取り入れると、気持ちの呼吸が戻りやすいかもしれません。,植物・花,部屋や机まわりを整える,通年,木|植物・花|ナチュラルブラウン|枝ものを一輪
木,,カーキのトートバッグ,カーキ,伸びる・育つ・呼吸を戻すヒント,朝・昼,三碧木星・四緑木星,今日は「カーキのトートバッグ」を取り入れると、気持ちの呼吸が戻りやすいかもしれません。,身につけるもの,外出前・身支度,通年,木|身につけるもの|カーキ|カーキのトートバッグ
木,,グリーンのタオル,ミントグリーン,伸びる・育つ・呼吸を戻すヒント,朝・昼,三碧木星・四緑木星,今日は「グリーンのタオル」を取り入れると、気持ちの呼吸が戻りやすいかもしれません。,暮らしの道具,生活の土台を整える,通年,木|暮らしの道具|ミントグリーン|グリーンのタオル
木,,木製の時計,オーク,伸びる・育つ・呼吸を戻すヒント,朝・昼,三碧木星・四緑木星,今日は「木製の時計」を取り入れると、気持ちの呼吸が戻りやすいかもしれません。,暮らしの道具,生活の土台を整える,通年,木|暮らしの道具|オーク|木製の時計
木,,ハーブソルト,ハーブグリーン,伸びる・育つ・呼吸を戻すヒント,朝・昼,三碧木星・四緑木星,今日は「ハーブソルト」を取り入れると、気持ちの呼吸が戻りやすいかもしれません。,日用品,日常に小さく取り入れる,春,木|日用品|ハーブグリーン|ハーブソルト
木,,豆苗を育てる小皿,若葉色,伸びる・育つ・呼吸を戻すヒント,朝・昼,三碧木星・四緑木星,今日は「豆苗を育てる小皿」を取り入れると、気持ちの呼吸が戻りやすいかもしれません。,暮らしの道具,生活の土台を整える,通年,木|暮らしの道具|若葉色|豆苗を育てる小皿
木,,山のポストカードポストカード,フォレストグリーン,伸びる・育つ・呼吸を戻すヒント,朝・昼,三碧木星・四緑木星,今日は「山のポストカードポストカード」を取り入れると、気持ちの呼吸が戻りやすいかもしれません。,文具・学び,考えごと・学び,通年,木|文具・学び|フォレストグリーン|山のポストカードポストカード
木,,緑のイヤホンケース,グリーン,伸びる・育つ・呼吸を戻すヒント,朝・昼,三碧木星・四緑木星,今日は「緑のイヤホンケース」を取り入れると、気持ちの呼吸が戻りやすいかもしれません。,デジタル・仕事道具,机まわりを整える,通年,木|デジタル・仕事道具|グリーン|緑のイヤホンケース
木,,ウッドクリップ,ナチュラルブラウン,伸びる・育つ・呼吸を戻すヒント,朝・昼,三碧木星・四緑木星,今日は「ウッドクリップ」を取り入れると、気持ちの呼吸が戻りやすいかもしれません。,文具・学び,考えごと・学び,通年,木|文具・学び|ナチュラルブラウン|ウッドクリップ
木,,グリーンのカーディガン,モスグリーン,伸びる・育つ・呼吸を戻すヒント,朝・昼,三碧木星・四緑木星,今日は「グリーンのカーディガン」を取り入れると、気持ちの呼吸が戻りやすいかもしれません。,日用品,日常に小さく取り入れる,通年,木|日用品|モスグリーン|グリーンのカーディガン
木,,庭園の写真集,深緑,伸びる・育つ・呼吸を戻すヒント,朝・昼,三碧木星・四緑木星,今日は「庭園の写真集」を取り入れると、気持ちの呼吸が戻りやすいかもしれません。,インテリア,視界を整える,通年,木|インテリア|深緑|庭園の写真集
木,,ローズマリーの香り,ローズマリーグリーン,伸びる・育つ・呼吸を戻すヒント,朝・昼,三碧木星・四緑木星,今日は「ローズマリーの香り」を取り入れると、気持ちの呼吸が戻りやすいかもしれません。,日用品,日常に小さく取り入れる,春,木|日用品|ローズマリーグリーン|ローズマリーの香り
木,,木製の名刺入れ,ウォルナット,伸びる・育つ・呼吸を戻すヒント,朝・昼,三碧木星・四緑木星,今日は「木製の名刺入れ」を取り入れると、気持ちの呼吸が戻りやすいかもしれません。,身につけるもの,外出前・身支度,通年,木|身につけるもの|ウォルナット|木製の名刺入れ
木,,グリーンのペンケース,リーフグリーン,伸びる・育つ・呼吸を戻すヒント,朝・昼,三碧木星・四緑木星,今日は「グリーンのペンケース」を取り入れると、気持ちの呼吸が戻りやすいかもしれません。,文具・学び,考えごと・学び,通年,木|文具・学び|リーフグリーン|グリーンのペンケース
木,,小さな盆栽,ディープグリーン,伸びる・育つ・呼吸を戻すヒント,朝・昼,三碧木星・四緑木星,今日は「小さな盆栽」を取り入れると、気持ちの呼吸が戻りやすいかもしれません。,植物・花,部屋や机まわりを整える,通年,木|植物・花|ディープグリーン|小さな盆栽
木,,麻のブックカバー,リネンベージュ,伸びる・育つ・呼吸を戻すヒント,朝・昼,三碧木星・四緑木星,今日は「麻のブックカバー」を取り入れると、気持ちの呼吸が戻りやすいかもしれません。,文具・学び,考えごと・学び,夏,木|文具・学び|リネンベージュ|麻のブックカバー
木,,青緑の水筒,ティールグリーン,伸びる・育つ・呼吸を戻すヒント,朝・昼,三碧木星・四緑木星,今日は「青緑の水筒」を取り入れると、気持ちの呼吸が戻りやすいかもしれません。,日用品,日常に小さく取り入れる,通年,木|日用品|ティールグリーン|青緑の水筒
木,,森林浴のポストカード,フォレストグリーン,伸びる・育つ・呼吸を戻すヒント,朝・昼,三碧木星・四緑木星,今日は「森林浴のポストカード」を取り入れると、気持ちの呼吸が戻りやすいかもしれません。,文具・学び,考えごと・学び,通年,木|文具・学び|フォレストグリーン|森林浴のポストカード
木,,木の香りの石けん,ヒノキ色,伸びる・育つ・呼吸を戻すヒント,朝・昼,三碧木星・四緑木星,今日は「木の香りの石けん」を取り入れると、気持ちの呼吸が戻りやすいかもしれません。,暮らしの道具,生活の土台を整える,通年,木|暮らしの道具|ヒノキ色|木の香りの石けん
木,,グリーンのクッション,オリーブグリーン,伸びる・育つ・呼吸を戻すヒント,朝・昼,三碧木星・四緑木星,今日は「グリーンのクッション」を取り入れると、気持ちの呼吸が戻りやすいかもしれません。,暮らしの道具,生活の土台を整える,通年,木|暮らしの道具|オリーブグリーン|グリーンのクッション
木,,ハーブ柄のエコバッグ,セージグリーン,伸びる・育つ・呼吸を戻すヒント,朝・昼,三碧木星・四緑木星,今日は「ハーブ柄のエコバッグ」を取り入れると、気持ちの呼吸が戻りやすいかもしれません。,身につけるもの,外出前・身支度,春,木|身につけるもの|セージグリーン|ハーブ柄のエコバッグ
木,,木製のマウスパッド,ウッドブラウン,伸びる・育つ・呼吸を戻すヒント,朝・昼,三碧木星・四緑木星,今日は「木製のマウスパッド」を取り入れると、気持ちの呼吸が戻りやすいかもしれません。,デジタル・仕事道具,机まわりを整える,通年,木|デジタル・仕事道具|ウッドブラウン|木製のマウスパッド
木,,緑の箸置き,ジェイドグリーン,伸びる・育つ・呼吸を戻すヒント,朝・昼,三碧木星・四緑木星,今日は「緑の箸置き」を取り入れると、気持ちの呼吸が戻りやすいかもしれません。,暮らしの道具,生活の土台を整える,通年,木|暮らしの道具|ジェイドグリーン|緑の箸置き
木,,観葉植物の霧吹き,ミストグリーン,伸びる・育つ・呼吸を戻すヒント,朝・昼,三碧木星・四緑木星,今日は「観葉植物の霧吹き」を取り入れると、気持ちの呼吸が戻りやすいかもしれません。,植物・花,部屋や机まわりを整える,通年,木|植物・花|ミストグリーン|観葉植物の霧吹き
木,,植物図鑑,リーフグリーン,伸びる・育つ・呼吸を戻すヒント,朝・昼,三碧木星・四緑木星,今日は「植物図鑑」を取り入れると、気持ちの呼吸が戻りやすいかもしれません。,植物・花,部屋や机まわりを整える,通年,木|植物・花|リーフグリーン|植物図鑑
木,,若草色のストール,若草色,伸びる・育つ・呼吸を戻すヒント,朝・昼,三碧木星・四緑木星,今日は「若草色のストール」を取り入れると、気持ちの呼吸が戻りやすいかもしれません。,身につけるもの,外出前・身支度,春,木|身につけるもの|若草色|若草色のストール
木,,木目のノートPCスタンド,ライトウッド,伸びる・育つ・呼吸を戻すヒント,朝・昼,三碧木星・四緑木星,今日は「木目のノートPCスタンド」を取り入れると、気持ちの呼吸が戻りやすいかもしれません。,文具・学び,考えごと・学び,通年,木|文具・学び|ライトウッド|木目のノートPCスタンド
木,,青緑のメモ帳,ティール,伸びる・育つ・呼吸を戻すヒント,朝・昼,三碧木星・四緑木星,今日は「青緑のメモ帳」を取り入れると、気持ちの呼吸が戻りやすいかもしれません。,文具・学び,考えごと・学び,通年,木|文具・学び|ティール|青緑のメモ帳
木,,小さなサボテン,セージグリーン,伸びる・育つ・呼吸を戻すヒント,朝・昼,三碧木星・四緑木星,今日は「小さなサボテン」を取り入れると、気持ちの呼吸が戻りやすいかもしれません。,植物・花,部屋や机まわりを整える,通年,木|植物・花|セージグリーン|小さなサボテン
木,,緑の折りたたみ傘,フォレストグリーン,伸びる・育つ・呼吸を戻すヒント,朝・昼,三碧木星・四緑木星,今日は「緑の折りたたみ傘」を取り入れると、気持ちの呼吸が戻りやすいかもしれません。,身につけるもの,外出前・身支度,梅雨,木|身につけるもの|フォレストグリーン|緑の折りたたみ傘
木,,竹の扇子,ペールグリーン,伸びる・育つ・呼吸を戻すヒント,朝・昼,三碧木星・四緑木星,今日は「竹の扇子」を取り入れると、気持ちの呼吸が戻りやすいかもしれません。,身につけるもの,外出前・身支度,夏,木|身につけるもの|ペールグリーン|竹の扇子
木,,木製のカードスタンド,オーク,伸びる・育つ・呼吸を戻すヒント,朝・昼,三碧木星・四緑木星,今日は「木製のカードスタンド」を取り入れると、気持ちの呼吸が戻りやすいかもしれません。,文具・学び,考えごと・学び,通年,木|文具・学び|オーク|木製のカードスタンド
木,,青りんご,アップルグリーン,伸びる・育つ・呼吸を戻すヒント,朝・昼,三碧木星・四緑木星,今日は「青りんご」を取り入れると、気持ちの呼吸が戻りやすいかもしれません。,飲食・休息,休憩・回復,通年,木|飲食・休息|アップルグリーン|青りんご
木,,緑のキャンバスノート,モスグリーン,伸びる・育つ・呼吸を戻すヒント,朝・昼,三碧木星・四緑木星,今日は「緑のキャンバスノート」を取り入れると、気持ちの呼吸が戻りやすいかもしれません。,文具・学び,考えごと・学び,通年,木|文具・学び|モスグリーン|緑のキャンバスノート
木,,グリーンのガラスペン,翡翠グリーン,伸びる・育つ・呼吸を戻すヒント,朝・昼,三碧木星・四緑木星,今日は「グリーンのガラスペン」を取り入れると、気持ちの呼吸が戻りやすいかもしれません。,文具・学び,考えごと・学び,夏,木|文具・学び|翡翠グリーン|グリーンのガラスペン
木,,森の香りのルームスプレー,フォレストグリーン,伸びる・育つ・呼吸を戻すヒント,朝・昼,三碧木星・四緑木星,今日は「森の香りのルームスプレー」を取り入れると、気持ちの呼吸が戻りやすいかもしれません。,日用品,日常に小さく取り入れる,通年,木|日用品|フォレストグリーン|森の香りのルームスプレー
木,,若葉色のクリップ,若葉色,伸びる・育つ・呼吸を戻すヒント,朝・昼,三碧木星・四緑木星,今日は「若葉色のクリップ」を取り入れると、気持ちの呼吸が戻りやすいかもしれません。,文具・学び,考えごと・学び,通年,木|文具・学び|若葉色|若葉色のクリップ
木,,木製の小箱,オークブラウン,伸びる・育つ・呼吸を戻すヒント,朝・昼,三碧木星・四緑木星,今日は「木製の小箱」を取り入れると、気持ちの呼吸が戻りやすいかもしれません。,日用品,日常に小さく取り入れる,通年,木|日用品|オークブラウン|木製の小箱
木,,緑のランニングタオル,リーフグリーン,伸びる・育つ・呼吸を戻すヒント,朝・昼,三碧木星・四緑木星,今日は「緑のランニングタオル」を取り入れると、気持ちの呼吸が戻りやすいかもしれません。,暮らしの道具,生活の土台を整える,通年,木|暮らしの道具|リーフグリーン|緑のランニングタオル
火,○,小さな間接照明,アンバー,灯り・表現・あたたかさを足すヒント,昼・夜,九紫火星,今日は「小さな間接照明」を取り入れると、心に小さな灯りを足しやすい日です。,香り・灯り,気分の切り替え,通年,火|香り・灯り|アンバー|小さな間接照明
火,○,アロマキャンドル,テラコッタ,灯り・表現・あたたかさを足すヒント,昼・夜,九紫火星,今日は「アロマキャンドル」を取り入れると、心に小さな灯りを足しやすい日です。,香り・灯り,気分の切り替え,秋・冬,火|香り・灯り|テラコッタ|アロマキャンドル
火,○,あたたかい紅茶,ルビーレッド,灯り・表現・あたたかさを足すヒント,昼・夜,九紫火星,今日は「あたたかい紅茶」を取り入れると、心に小さな灯りを足しやすい日です。,飲食・休息,休憩・回復,通年,火|飲食・休息|ルビーレッド|あたたかい紅茶
火,○,赤いヘアゴム,朱色,灯り・表現・あたたかさを足すヒント,昼・夜,九紫火星,今日は「赤いヘアゴム」を取り入れると、心に小さな灯りを足しやすい日です。,身につけるもの,外出前・身支度,通年,火|身につけるもの|朱色|赤いヘアゴム
火,○,ドライフラワー（赤系）,ボルドー,灯り・表現・あたたかさを足すヒント,昼・夜,九紫火星,今日は「ドライフラワー（赤系）」を取り入れると、心に小さな灯りを足しやすい日です。,植物・花,部屋や机まわりを整える,通年,火|植物・花|ボルドー|ドライフラワー（赤系）
火,○,テラコッタのキャンドルホルダー,テラコッタ,灯り・表現・あたたかさを足すヒント,昼・夜,九紫火星,今日は「テラコッタのキャンドルホルダー」を取り入れると、心に小さな灯りを足しやすい日です。,香り・灯り,気分の切り替え,秋・冬,火|香り・灯り|テラコッタ|テラコッタのキャンドルホルダー
火,○,シナモンのチャイ,シナモンブラウン,灯り・表現・あたたかさを足すヒント,昼・夜,九紫火星,今日は「シナモンのチャイ」を取り入れると、心に小さな灯りを足しやすい日です。,飲食・休息,休憩・回復,秋・冬,火|飲食・休息|シナモンブラウン|シナモンのチャイ
火,○,朱色のリップ,朱赤,灯り・表現・あたたかさを足すヒント,昼・夜,九紫火星,今日は「朱色のリップ」を取り入れると、心に小さな灯りを足しやすい日です。,身につけるもの,外出前・身支度,通年,火|身につけるもの|朱赤|朱色のリップ
火,○,ガラスのランタン,琥珀色,灯り・表現・あたたかさを足すヒント,昼・夜,九紫火星,今日は「ガラスのランタン」を取り入れると、心に小さな灯りを足しやすい日です。,香り・灯り,気分の切り替え,夏,火|香り・灯り|琥珀色|ガラスのランタン
火,○,赤いソックス,レッド,灯り・表現・あたたかさを足すヒント,昼・夜,九紫火星,今日は「赤いソックス」を取り入れると、心に小さな灯りを足しやすい日です。,身につけるもの,外出前・身支度,通年,火|身につけるもの|レッド|赤いソックス
火,○,スパイスカレー,ターメリック,灯り・表現・あたたかさを足すヒント,昼・夜,九紫火星,今日は「スパイスカレー」を取り入れると、心に小さな灯りを足しやすい日です。,飲食・休息,休憩・回復,通年,火|飲食・休息|ターメリック|スパイスカレー
火,○,コーラルのネイル,コーラルピンク,灯り・表現・あたたかさを足すヒント,昼・夜,九紫火星,今日は「コーラルのネイル」を取り入れると、心に小さな灯りを足しやすい日です。,身につけるもの,外出前・身支度,通年,火|身につけるもの|コーラルピンク|コーラルのネイル
火,○,真鍮のキャンドルスタンド,ブラス,灯り・表現・あたたかさを足すヒント,昼・夜,九紫火星,今日は「真鍮のキャンドルスタンド」を取り入れると、心に小さな灯りを足しやすい日です。,香り・灯り,気分の切り替え,秋・冬,火|香り・灯り|ブラス|真鍮のキャンドルスタンド
火,○,焚き火柄のポストカード,オレンジ,灯り・表現・あたたかさを足すヒント,昼・夜,九紫火星,今日は「焚き火柄のポストカード」を取り入れると、心に小さな灯りを足しやすい日です。,文具・学び,考えごと・学び,通年,火|文具・学び|オレンジ|焚き火柄のポストカード
火,○,赤縁のメガネ,バーガンディ,灯り・表現・あたたかさを足すヒント,昼・夜,九紫火星,今日は「赤縁のメガネ」を取り入れると、心に小さな灯りを足しやすい日です。,身につけるもの,外出前・身支度,通年,火|身につけるもの|バーガンディ|赤縁のメガネ
火,○,ジンジャーティー,ジンジャーオレンジ,灯り・表現・あたたかさを足すヒント,昼・夜,九紫火星,今日は「ジンジャーティー」を取り入れると、心に小さな灯りを足しやすい日です。,日用品,日常に小さく取り入れる,通年,火|日用品|ジンジャーオレンジ|ジンジャーティー
火,○,サンセットカラーのスマホケース,サンセットオレンジ,灯り・表現・あたたかさを足すヒント,昼・夜,九紫火星,今日は「サンセットカラーのスマホケース」を取り入れると、心に小さな灯りを足しやすい日です。,デジタル・仕事道具,机まわりを整える,通年,火|デジタル・仕事道具|サンセットオレンジ|サンセットカラーのスマホケース
火,○,柑橘のアロマミスト,マンダリン,灯り・表現・あたたかさを足すヒント,昼・夜,九紫火星,今日は「柑橘のアロマミスト」を取り入れると、心に小さな灯りを足しやすい日です。,香り・灯り,気分の切り替え,通年,火|香り・灯り|マンダリン|柑橘のアロマミスト
火,○,赤いブックカバー,カーマイン,灯り・表現・あたたかさを足すヒント,昼・夜,九紫火星,今日は「赤いブックカバー」を取り入れると、心に小さな灯りを足しやすい日です。,文具・学び,考えごと・学び,通年,火|文具・学び|カーマイン|赤いブックカバー
火,○,チェリー柄のポーチ,チェリーレッド,灯り・表現・あたたかさを足すヒント,昼・夜,九紫火星,今日は「チェリー柄のポーチ」を取り入れると、心に小さな灯りを足しやすい日です。,身につけるもの,外出前・身支度,通年,火|身につけるもの|チェリーレッド|チェリー柄のポーチ
火,○,オレンジ色のマグカップ,オレンジ,灯り・表現・あたたかさを足すヒント,昼・夜,九紫火星,今日は「オレンジ色のマグカップ」を取り入れると、心に小さな灯りを足しやすい日です。,飲食・休息,休憩・回復,通年,火|飲食・休息|オレンジ|オレンジ色のマグカップ
火,○,ローズ色のハンカチ,ローズピンク,灯り・表現・あたたかさを足すヒント,昼・夜,九紫火星,今日は「ローズ色のハンカチ」を取り入れると、心に小さな灯りを足しやすい日です。,身につけるもの,外出前・身支度,春,火|身につけるもの|ローズピンク|ローズ色のハンカチ
火,○,暖色のブランケット,ウォームオレンジ,灯り・表現・あたたかさを足すヒント,昼・夜,九紫火星,今日は「暖色のブランケット」を取り入れると、心に小さな灯りを足しやすい日です。,暮らしの道具,生活の土台を整える,秋・冬,火|暮らしの道具|ウォームオレンジ|暖色のブランケット
火,○,小さなデスクライト,ウォームホワイト,灯り・表現・あたたかさを足すヒント,昼・夜,九紫火星,今日は「小さなデスクライト」を取り入れると、心に小さな灯りを足しやすい日です。,香り・灯り,気分の切り替え,通年,火|香り・灯り|ウォームホワイト|小さなデスクライト
火,○,赤い万年筆,ワインレッド,灯り・表現・あたたかさを足すヒント,昼・夜,九紫火星,今日は「赤い万年筆」を取り入れると、心に小さな灯りを足しやすい日です。,日用品,日常に小さく取り入れる,通年,火|日用品|ワインレッド|赤い万年筆
火,○,ピンクゴールドのペン,ピンクゴールド,灯り・表現・あたたかさを足すヒント,昼・夜,九紫火星,今日は「ピンクゴールドのペン」を取り入れると、心に小さな灯りを足しやすい日です。,文具・学び,考えごと・学び,通年,火|文具・学び|ピンクゴールド|ピンクゴールドのペン
火,○,朝日色のポストカード,サンライズオレンジ,灯り・表現・あたたかさを足すヒント,昼・夜,九紫火星,今日は「朝日色のポストカード」を取り入れると、心に小さな灯りを足しやすい日です。,文具・学び,考えごと・学び,通年,火|文具・学び|サンライズオレンジ|朝日色のポストカード
火,○,キャンドル型ライト,キャンドルホワイト,灯り・表現・あたたかさを足すヒント,昼・夜,九紫火星,今日は「キャンドル型ライト」を取り入れると、心に小さな灯りを足しやすい日です。,香り・灯り,気分の切り替え,秋・冬,火|香り・灯り|キャンドルホワイト|キャンドル型ライト
火,○,コーラルのポーチ,コーラル,灯り・表現・あたたかさを足すヒント,昼・夜,九紫火星,今日は「コーラルのポーチ」を取り入れると、心に小さな灯りを足しやすい日です。,身につけるもの,外出前・身支度,通年,火|身につけるもの|コーラル|コーラルのポーチ
火,○,赤いカードケース,ルビーレッド,灯り・表現・あたたかさを足すヒント,昼・夜,九紫火星,今日は「赤いカードケース」を取り入れると、心に小さな灯りを足しやすい日です。,文具・学び,考えごと・学び,通年,火|文具・学び|ルビーレッド|赤いカードケース
火,,オレンジの付箋,マリーゴールド,灯り・表現・あたたかさを足すヒント,昼・夜,九紫火星,今日は「オレンジの付箋」を取り入れると、心に小さな灯りを足しやすい日です。,日用品,日常に小さく取り入れる,通年,火|日用品|マリーゴールド|オレンジの付箋
火,,ローズの香水,ローズピンク,灯り・表現・あたたかさを足すヒント,昼・夜,九紫火星,今日は「ローズの香水」を取り入れると、心に小さな灯りを足しやすい日です。,香り・灯り,気分の切り替え,春,火|香り・灯り|ローズピンク|ローズの香水
火,,赤い花を一輪,クリムゾン,灯り・表現・あたたかさを足すヒント,昼・夜,九紫火星,今日は「赤い花を一輪」を取り入れると、心に小さな灯りを足しやすい日です。,植物・花,部屋や机まわりを整える,春,火|植物・花|クリムゾン|赤い花を一輪
火,,ベリーのジャム,ベリーレッド,灯り・表現・あたたかさを足すヒント,昼・夜,九紫火星,今日は「ベリーのジャム」を取り入れると、心に小さな灯りを足しやすい日です。,日用品,日常に小さく取り入れる,通年,火|日用品|ベリーレッド|ベリーのジャム
火,,トマトスープ,トマトレッド,灯り・表現・あたたかさを足すヒント,昼・夜,九紫火星,今日は「トマトスープ」を取り入れると、心に小さな灯りを足しやすい日です。,飲食・休息,休憩・回復,通年,火|飲食・休息|トマトレッド|トマトスープ
火,,チリオイル,チリレッド,灯り・表現・あたたかさを足すヒント,昼・夜,九紫火星,今日は「チリオイル」を取り入れると、心に小さな灯りを足しやすい日です。,日用品,日常に小さく取り入れる,通年,火|日用品|チリレッド|チリオイル
火,,オレンジピールティー,オレンジ,灯り・表現・あたたかさを足すヒント,昼・夜,九紫火星,今日は「オレンジピールティー」を取り入れると、心に小さな灯りを足しやすい日です。,日用品,日常に小さく取り入れる,通年,火|日用品|オレンジ|オレンジピールティー
火,,朱色の御朱印帳,朱色,灯り・表現・あたたかさを足すヒント,昼・夜,九紫火星,今日は「朱色の御朱印帳」を取り入れると、心に小さな灯りを足しやすい日です。,日用品,日常に小さく取り入れる,通年,火|日用品|朱色|朱色の御朱印帳
火,,赤いイヤホンケース,レッド,灯り・表現・あたたかさを足すヒント,昼・夜,九紫火星,今日は「赤いイヤホンケース」を取り入れると、心に小さな灯りを足しやすい日です。,デジタル・仕事道具,机まわりを整える,通年,火|デジタル・仕事道具|レッド|赤いイヤホンケース
火,,暖色のスマホ壁紙,サンセットオレンジ,灯り・表現・あたたかさを足すヒント,昼・夜,九紫火星,今日は「暖色のスマホ壁紙」を取り入れると、心に小さな灯りを足しやすい日です。,デジタル・仕事道具,机まわりを整える,通年,火|デジタル・仕事道具|サンセットオレンジ|暖色のスマホ壁紙
火,,ピンクのマスキングテープ,ピンク,灯り・表現・あたたかさを足すヒント,昼・夜,九紫火星,今日は「ピンクのマスキングテープ」を取り入れると、心に小さな灯りを足しやすい日です。,文具・学び,考えごと・学び,通年,火|文具・学び|ピンク|ピンクのマスキングテープ
火,,オレンジのランチョンマット,マンダリン,灯り・表現・あたたかさを足すヒント,昼・夜,九紫火星,今日は「オレンジのランチョンマット」を取り入れると、心に小さな灯りを足しやすい日です。,暮らしの道具,生活の土台を整える,通年,火|暮らしの道具|マンダリン|オレンジのランチョンマット
火,,テラコッタの小皿,テラコッタ,灯り・表現・あたたかさを足すヒント,昼・夜,九紫火星,今日は「テラコッタの小皿」を取り入れると、心に小さな灯りを足しやすい日です。,暮らしの道具,生活の土台を整える,通年,火|暮らしの道具|テラコッタ|テラコッタの小皿
火,,赤い折りたたみ傘,レッド,灯り・表現・あたたかさを足すヒント,昼・夜,九紫火星,今日は「赤い折りたたみ傘」を取り入れると、心に小さな灯りを足しやすい日です。,身につけるもの,外出前・身支度,梅雨,火|身につけるもの|レッド|赤い折りたたみ傘
火,,赤いスニーカー,カーマイン,灯り・表現・あたたかさを足すヒント,昼・夜,九紫火星,今日は「赤いスニーカー」を取り入れると、心に小さな灯りを足しやすい日です。,身につけるもの,外出前・身支度,通年,火|身につけるもの|カーマイン|赤いスニーカー
火,,ピンクのストール,ダスティピンク,灯り・表現・あたたかさを足すヒント,昼・夜,九紫火星,今日は「ピンクのストール」を取り入れると、心に小さな灯りを足しやすい日です。,身につけるもの,外出前・身支度,通年,火|身につけるもの|ダスティピンク|ピンクのストール
火,,コーラルのリップクリーム,コーラルピンク,灯り・表現・あたたかさを足すヒント,昼・夜,九紫火星,今日は「コーラルのリップクリーム」を取り入れると、心に小さな灯りを足しやすい日です。,身につけるもの,外出前・身支度,通年,火|身につけるもの|コーラルピンク|コーラルのリップクリーム
火,,赤いペンケース,バーガンディ,灯り・表現・あたたかさを足すヒント,昼・夜,九紫火星,今日は「赤いペンケース」を取り入れると、心に小さな灯りを足しやすい日です。,文具・学び,考えごと・学び,通年,火|文具・学び|バーガンディ|赤いペンケース
火,,ティーライトキャンドル,アンバー,灯り・表現・あたたかさを足すヒント,昼・夜,九紫火星,今日は「ティーライトキャンドル」を取り入れると、心に小さな灯りを足しやすい日です。,香り・灯り,気分の切り替え,秋・冬,火|香り・灯り|アンバー|ティーライトキャンドル
火,,暖色の卓上カレンダー,アプリコット,灯り・表現・あたたかさを足すヒント,昼・夜,九紫火星,今日は「暖色の卓上カレンダー」を取り入れると、心に小さな灯りを足しやすい日です。,暮らしの道具,生活の土台を整える,通年,火|暮らしの道具|アプリコット|暖色の卓上カレンダー
火,,オレンジのノート,オレンジ,灯り・表現・あたたかさを足すヒント,昼・夜,九紫火星,今日は「オレンジのノート」を取り入れると、心に小さな灯りを足しやすい日です。,文具・学び,考えごと・学び,通年,火|文具・学び|オレンジ|オレンジのノート
火,,赤いしおり,ルビーレッド,灯り・表現・あたたかさを足すヒント,昼・夜,九紫火星,今日は「赤いしおり」を取り入れると、心に小さな灯りを足しやすい日です。,文具・学び,考えごと・学び,通年,火|文具・学び|ルビーレッド|赤いしおり
火,,ローズ柄の便箋,ローズピンク,灯り・表現・あたたかさを足すヒント,昼・夜,九紫火星,今日は「ローズ柄の便箋」を取り入れると、心に小さな灯りを足しやすい日です。,文具・学び,考えごと・学び,春,火|文具・学び|ローズピンク|ローズ柄の便箋
火,,夕焼けのポストカード,サンセット,灯り・表現・あたたかさを足すヒント,昼・夜,九紫火星,今日は「夕焼けのポストカード」を取り入れると、心に小さな灯りを足しやすい日です。,文具・学び,考えごと・学び,通年,火|文具・学び|サンセット|夕焼けのポストカード
火,,赤いポストカード,カーマイン,灯り・表現・あたたかさを足すヒント,昼・夜,九紫火星,今日は「赤いポストカード」を取り入れると、心に小さな灯りを足しやすい日です。,文具・学び,考えごと・学び,通年,火|文具・学び|カーマイン|赤いポストカード
火,,金木犀の香り,オレンジゴールド,灯り・表現・あたたかさを足すヒント,昼・夜,九紫火星,今日は「金木犀の香り」を取り入れると、心に小さな灯りを足しやすい日です。,日用品,日常に小さく取り入れる,通年,火|日用品|オレンジゴールド|金木犀の香り
火,,ホットココア,ココアブラウン,灯り・表現・あたたかさを足すヒント,昼・夜,九紫火星,今日は「ホットココア」を取り入れると、心に小さな灯りを足しやすい日です。,飲食・休息,休憩・回復,秋・冬,火|飲食・休息|ココアブラウン|ホットココア
火,,シナモンスティック,シナモンブラウン,灯り・表現・あたたかさを足すヒント,昼・夜,九紫火星,今日は「シナモンスティック」を取り入れると、心に小さな灯りを足しやすい日です。,日用品,日常に小さく取り入れる,通年,火|日用品|シナモンブラウン|シナモンスティック
火,,赤いキーケース,ボルドー,灯り・表現・あたたかさを足すヒント,昼・夜,九紫火星,今日は「赤いキーケース」を取り入れると、心に小さな灯りを足しやすい日です。,身につけるもの,外出前・身支度,通年,火|身につけるもの|ボルドー|赤いキーケース
火,,オレンジのハンドクリーム,マンダリン,灯り・表現・あたたかさを足すヒント,昼・夜,九紫火星,今日は「オレンジのハンドクリーム」を取り入れると、心に小さな灯りを足しやすい日です。,日用品,日常に小さく取り入れる,通年,火|日用品|マンダリン|オレンジのハンドクリーム
火,,ピンクのネイルオイル,ピンク,灯り・表現・あたたかさを足すヒント,昼・夜,九紫火星,今日は「ピンクのネイルオイル」を取り入れると、心に小さな灯りを足しやすい日です。,身につけるもの,外出前・身支度,通年,火|身につけるもの|ピンク|ピンクのネイルオイル
火,,暖色のルームソックス,アプリコット,灯り・表現・あたたかさを足すヒント,昼・夜,九紫火星,今日は「暖色のルームソックス」を取り入れると、心に小さな灯りを足しやすい日です。,身につけるもの,外出前・身支度,通年,火|身につけるもの|アプリコット|暖色のルームソックス
火,,赤いトートバッグ,レッド,灯り・表現・あたたかさを足すヒント,昼・夜,九紫火星,今日は「赤いトートバッグ」を取り入れると、心に小さな灯りを足しやすい日です。,身につけるもの,外出前・身支度,通年,火|身につけるもの|レッド|赤いトートバッグ
火,,オレンジのエコバッグ,オレンジ,灯り・表現・あたたかさを足すヒント,昼・夜,九紫火星,今日は「オレンジのエコバッグ」を取り入れると、心に小さな灯りを足しやすい日です。,身につけるもの,外出前・身支度,通年,火|身につけるもの|オレンジ|オレンジのエコバッグ
火,,ローズ色のチャーム,ローズピンク,灯り・表現・あたたかさを足すヒント,昼・夜,九紫火星,今日は「ローズ色のチャーム」を取り入れると、心に小さな灯りを足しやすい日です。,日用品,日常に小さく取り入れる,春,火|日用品|ローズピンク|ローズ色のチャーム
火,,赤いメモ帳,朱赤,灯り・表現・あたたかさを足すヒント,昼・夜,九紫火星,今日は「赤いメモ帳」を取り入れると、心に小さな灯りを足しやすい日です。,文具・学び,考えごと・学び,通年,火|文具・学び|朱赤|赤いメモ帳
火,,テラコッタの植木鉢,テラコッタ,灯り・表現・あたたかさを足すヒント,昼・夜,九紫火星,今日は「テラコッタの植木鉢」を取り入れると、心に小さな灯りを足しやすい日です。,暮らしの道具,生活の土台を整える,通年,火|暮らしの道具|テラコッタ|テラコッタの植木鉢
火,,朱色の箸置き,朱色,灯り・表現・あたたかさを足すヒント,昼・夜,九紫火星,今日は「朱色の箸置き」を取り入れると、心に小さな灯りを足しやすい日です。,暮らしの道具,生活の土台を整える,通年,火|暮らしの道具|朱色|朱色の箸置き
火,,ピンクゴールドの腕時計,ピンクゴールド,灯り・表現・あたたかさを足すヒント,昼・夜,九紫火星,今日は「ピンクゴールドの腕時計」を取り入れると、心に小さな灯りを足しやすい日です。,身につけるもの,外出前・身支度,通年,火|身につけるもの|ピンクゴールド|ピンクゴールドの腕時計
火,,赤いブローチ,ボルドー,灯り・表現・あたたかさを足すヒント,昼・夜,九紫火星,今日は「赤いブローチ」を取り入れると、心に小さな灯りを足しやすい日です。,身につけるもの,外出前・身支度,通年,火|身につけるもの|ボルドー|赤いブローチ
火,,オレンジの花束,マリーゴールド,灯り・表現・あたたかさを足すヒント,昼・夜,九紫火星,今日は「オレンジの花束」を取り入れると、心に小さな灯りを足しやすい日です。,植物・花,部屋や机まわりを整える,春,火|植物・花|マリーゴールド|オレンジの花束
火,,アプリコット色のハンカチ,アプリコット,灯り・表現・あたたかさを足すヒント,昼・夜,九紫火星,今日は「アプリコット色のハンカチ」を取り入れると、心に小さな灯りを足しやすい日です。,身につけるもの,外出前・身支度,通年,火|身につけるもの|アプリコット|アプリコット色のハンカチ
火,,暖色の入浴剤,アプリコット,灯り・表現・あたたかさを足すヒント,昼・夜,九紫火星,今日は「暖色の入浴剤」を取り入れると、心に小さな灯りを足しやすい日です。,飲食・休息,休憩・回復,秋・冬,火|飲食・休息|アプリコット|暖色の入浴剤
火,,琥珀色のグラス,アンバー,灯り・表現・あたたかさを足すヒント,昼・夜,九紫火星,今日は「琥珀色のグラス」を取り入れると、心に小さな灯りを足しやすい日です。,日用品,日常に小さく取り入れる,通年,火|日用品|アンバー|琥珀色のグラス
火,,赤いマグネット,レッド,灯り・表現・あたたかさを足すヒント,昼・夜,九紫火星,今日は「赤いマグネット」を取り入れると、心に小さな灯りを足しやすい日です。,飲食・休息,休憩・回復,通年,火|飲食・休息|レッド|赤いマグネット
火,,オレンジのクリアファイル,オレンジ,灯り・表現・あたたかさを足すヒント,昼・夜,九紫火星,今日は「オレンジのクリアファイル」を取り入れると、心に小さな灯りを足しやすい日です。,文具・学び,考えごと・学び,通年,火|文具・学び|オレンジ|オレンジのクリアファイル
火,,赤い手帳,ワインレッド,灯り・表現・あたたかさを足すヒント,昼・夜,九紫火星,今日は「赤い手帳」を取り入れると、心に小さな灯りを足しやすい日です。,文具・学び,考えごと・学び,通年,火|文具・学び|ワインレッド|赤い手帳
火,,コーラルのカードケース,コーラル,灯り・表現・あたたかさを足すヒント,昼・夜,九紫火星,今日は「コーラルのカードケース」を取り入れると、心に小さな灯りを足しやすい日です。,文具・学び,考えごと・学び,通年,火|文具・学び|コーラル|コーラルのカードケース
火,,小さな卓上ランプ,ウォームホワイト,灯り・表現・あたたかさを足すヒント,昼・夜,九紫火星,今日は「小さな卓上ランプ」を取り入れると、心に小さな灯りを足しやすい日です。,香り・灯り,気分の切り替え,通年,火|香り・灯り|ウォームホワイト|小さな卓上ランプ
火,,カモミールキャンドル,ハニーイエロー,灯り・表現・あたたかさを足すヒント,昼・夜,九紫火星,今日は「カモミールキャンドル」を取り入れると、心に小さな灯りを足しやすい日です。,香り・灯り,気分の切り替え,秋・冬,火|香り・灯り|ハニーイエロー|カモミールキャンドル
火,,赤いランチクロス,カーマイン,灯り・表現・あたたかさを足すヒント,昼・夜,九紫火星,今日は「赤いランチクロス」を取り入れると、心に小さな灯りを足しやすい日です。,日用品,日常に小さく取り入れる,通年,火|日用品|カーマイン|赤いランチクロス
火,,夕日色のブックカバー,サンセットオレンジ,灯り・表現・あたたかさを足すヒント,昼・夜,九紫火星,今日は「夕日色のブックカバー」を取り入れると、心に小さな灯りを足しやすい日です。,文具・学び,考えごと・学び,通年,火|文具・学び|サンセットオレンジ|夕日色のブックカバー
火,,オレンジのマーカー,マリーゴールド,灯り・表現・あたたかさを足すヒント,昼・夜,九紫火星,今日は「オレンジのマーカー」を取り入れると、心に小さな灯りを足しやすい日です。,日用品,日常に小さく取り入れる,通年,火|日用品|マリーゴールド|オレンジのマーカー
火,,ローズ色のマグカップ,ローズピンク,灯り・表現・あたたかさを足すヒント,昼・夜,九紫火星,今日は「ローズ色のマグカップ」を取り入れると、心に小さな灯りを足しやすい日です。,飲食・休息,休憩・回復,春,火|飲食・休息|ローズピンク|ローズ色のマグカップ
火,,テラコッタのコースター,テラコッタ,灯り・表現・あたたかさを足すヒント,昼・夜,九紫火星,今日は「テラコッタのコースター」を取り入れると、心に小さな灯りを足しやすい日です。,暮らしの道具,生活の土台を整える,通年,火|暮らしの道具|テラコッタ|テラコッタのコースター
火,,朱色の扇子,朱色,灯り・表現・あたたかさを足すヒント,昼・夜,九紫火星,今日は「朱色の扇子」を取り入れると、心に小さな灯りを足しやすい日です。,身につけるもの,外出前・身支度,夏,火|身につけるもの|朱色|朱色の扇子
火,,赤いスマホリング,レッド,灯り・表現・あたたかさを足すヒント,昼・夜,九紫火星,今日は「赤いスマホリング」を取り入れると、心に小さな灯りを足しやすい日です。,身につけるもの,外出前・身支度,通年,火|身につけるもの|レッド|赤いスマホリング
火,,ピンクのイヤリング,ピンク,灯り・表現・あたたかさを足すヒント,昼・夜,九紫火星,今日は「ピンクのイヤリング」を取り入れると、心に小さな灯りを足しやすい日です。,身につけるもの,外出前・身支度,通年,火|身につけるもの|ピンク|ピンクのイヤリング
火,,オレンジ色の花瓶,オレンジ,灯り・表現・あたたかさを足すヒント,昼・夜,九紫火星,今日は「オレンジ色の花瓶」を取り入れると、心に小さな灯りを足しやすい日です。,植物・花,部屋や机まわりを整える,春,火|植物・花|オレンジ|オレンジ色の花瓶
火,,暖色のアートカード,サンセット,灯り・表現・あたたかさを足すヒント,昼・夜,九紫火星,今日は「暖色のアートカード」を取り入れると、心に小さな灯りを足しやすい日です。,文具・学び,考えごと・学び,通年,火|文具・学び|サンセット|暖色のアートカード
火,,赤いミニタオル,レッド,灯り・表現・あたたかさを足すヒント,昼・夜,九紫火星,今日は「赤いミニタオル」を取り入れると、心に小さな灯りを足しやすい日です。,暮らしの道具,生活の土台を整える,通年,火|暮らしの道具|レッド|赤いミニタオル
火,,柚子の香りのミスト,柚子色,灯り・表現・あたたかさを足すヒント,昼・夜,九紫火星,今日は「柚子の香りのミスト」を取り入れると、心に小さな灯りを足しやすい日です。,香り・灯り,気分の切り替え,通年,火|香り・灯り|柚子色|柚子の香りのミスト
火,,ピンクの名刺入れ,ダスティピンク,灯り・表現・あたたかさを足すヒント,昼・夜,九紫火星,今日は「ピンクの名刺入れ」を取り入れると、心に小さな灯りを足しやすい日です。,身につけるもの,外出前・身支度,通年,火|身につけるもの|ダスティピンク|ピンクの名刺入れ
火,,赤いチェック柄のハンカチ,レッド,灯り・表現・あたたかさを足すヒント,昼・夜,九紫火星,今日は「赤いチェック柄のハンカチ」を取り入れると、心に小さな灯りを足しやすい日です。,身につけるもの,外出前・身支度,通年,火|身につけるもの|レッド|赤いチェック柄のハンカチ
火,,小さなキャンドルホルダー,アンバー,灯り・表現・あたたかさを足すヒント,昼・夜,九紫火星,今日は「小さなキャンドルホルダー」を取り入れると、心に小さな灯りを足しやすい日です。,香り・灯り,気分の切り替え,秋・冬,火|香り・灯り|アンバー|小さなキャンドルホルダー
火,,オレンジのマグネット,オレンジ,灯り・表現・あたたかさを足すヒント,昼・夜,九紫火星,今日は「オレンジのマグネット」を取り入れると、心に小さな灯りを足しやすい日です。,飲食・休息,休憩・回復,通年,火|飲食・休息|オレンジ|オレンジのマグネット
火,,ローズ色のノートPCケース,ローズピンク,灯り・表現・あたたかさを足すヒント,昼・夜,九紫火星,今日は「ローズ色のノートPCケース」を取り入れると、心に小さな灯りを足しやすい日です。,文具・学び,考えごと・学び,春,火|文具・学び|ローズピンク|ローズ色のノートPCケース
火,,赤い靴ひも,レッド,灯り・表現・あたたかさを足すヒント,昼・夜,九紫火星,今日は「赤い靴ひも」を取り入れると、心に小さな灯りを足しやすい日です。,日用品,日常に小さく取り入れる,通年,火|日用品|レッド|赤い靴ひも
火,,温かいほうじ茶,琥珀色,灯り・表現・あたたかさを足すヒント,昼・夜,九紫火星,今日は「温かいほうじ茶」を取り入れると、心に小さな灯りを足しやすい日です。,飲食・休息,休憩・回復,通年,火|飲食・休息|琥珀色|温かいほうじ茶
火,,アプリコット色のポーチ,アプリコット,灯り・表現・あたたかさを足すヒント,昼・夜,九紫火星,今日は「アプリコット色のポーチ」を取り入れると、心に小さな灯りを足しやすい日です。,身につけるもの,外出前・身支度,通年,火|身につけるもの|アプリコット|アプリコット色のポーチ
土,○,陶器のマグ,キャメル,土台・暮らし・安心感を戻すヒント,朝・昼,二黒土星・五黄土星・八白土星,今日は「陶器のマグ」を取り入れると、足元の感覚を取り戻しやすいかもしれません。,飲食・休息,休憩・回復,通年,土|飲食・休息|キャメル|陶器のマグ
土,○,おにぎり,ライスベージュ,土台・暮らし・安心感を戻すヒント,朝・昼,二黒土星・五黄土星・八白土星,今日は「おにぎり」を取り入れると、足元の感覚を取り戻しやすいかもしれません。,飲食・休息,休憩・回復,通年,土|飲食・休息|ライスベージュ|おにぎり
土,○,黄色いキーホルダー,マスタード,土台・暮らし・安心感を戻すヒント,朝・昼,二黒土星・五黄土星・八白土星,今日は「黄色いキーホルダー」を取り入れると、足元の感覚を取り戻しやすいかもしれません。,日用品,日常に小さく取り入れる,通年,土|日用品|マスタード|黄色いキーホルダー
土,○,焼き菓子,きつね色,土台・暮らし・安心感を戻すヒント,朝・昼,二黒土星・五黄土星・八白土星,今日は「焼き菓子」を取り入れると、足元の感覚を取り戻しやすいかもしれません。,飲食・休息,休憩・回復,秋,土|飲食・休息|きつね色|焼き菓子
土,○,素焼きの鉢,テラコッタ,土台・暮らし・安心感を戻すヒント,朝・昼,二黒土星・五黄土星・八白土星,今日は「素焼きの鉢」を取り入れると、足元の感覚を取り戻しやすいかもしれません。,暮らしの道具,生活の土台を整える,通年,土|暮らしの道具|テラコッタ|素焼きの鉢
土,○,テラコッタの植木鉢,テラコッタ,土台・暮らし・安心感を戻すヒント,朝・昼,二黒土星・五黄土星・八白土星,今日は「テラコッタの植木鉢」を取り入れると、足元の感覚を取り戻しやすいかもしれません。,暮らしの道具,生活の土台を整える,通年,土|暮らしの道具|テラコッタ|テラコッタの植木鉢
土,○,はちみつ,ハニーイエロー,土台・暮らし・安心感を戻すヒント,朝・昼,二黒土星・五黄土星・八白土星,今日は「はちみつ」を取り入れると、足元の感覚を取り戻しやすいかもしれません。,飲食・休息,休憩・回復,通年,土|飲食・休息|ハニーイエロー|はちみつ
土,○,ベージュのトートバッグ,ベージュ,土台・暮らし・安心感を戻すヒント,朝・昼,二黒土星・五黄土星・八白土星,今日は「ベージュのトートバッグ」を取り入れると、足元の感覚を取り戻しやすいかもしれません。,身につけるもの,外出前・身支度,通年,土|身につけるもの|ベージュ|ベージュのトートバッグ
土,○,土鍋で炊いたごはん,生成り,土台・暮らし・安心感を戻すヒント,朝・昼,二黒土星・五黄土星・八白土星,今日は「土鍋で炊いたごはん」を取り入れると、足元の感覚を取り戻しやすいかもしれません。,飲食・休息,休憩・回復,秋・冬,土|飲食・休息|生成り|土鍋で炊いたごはん
土,○,木綿の靴下,オートミール,土台・暮らし・安心感を戻すヒント,朝・昼,二黒土星・五黄土星・八白土星,今日は「木綿の靴下」を取り入れると、足元の感覚を取り戻しやすいかもしれません。,身につけるもの,外出前・身支度,通年,土|身につけるもの|オートミール|木綿の靴下
土,○,黄色いマグカップ,マスタードイエロー,土台・暮らし・安心感を戻すヒント,朝・昼,二黒土星・五黄土星・八白土星,今日は「黄色いマグカップ」を取り入れると、足元の感覚を取り戻しやすいかもしれません。,飲食・休息,休憩・回復,通年,土|飲食・休息|マスタードイエロー|黄色いマグカップ
土,○,焼きたてのパン,ウィート,土台・暮らし・安心感を戻すヒント,朝・昼,二黒土星・五黄土星・八白土星,今日は「焼きたてのパン」を取り入れると、足元の感覚を取り戻しやすいかもしれません。,飲食・休息,休憩・回復,通年,土|飲食・休息|ウィート|焼きたてのパン
土,○,革のキーケース,キャメルブラウン,土台・暮らし・安心感を戻すヒント,朝・昼,二黒土星・五黄土星・八白土星,今日は「革のキーケース」を取り入れると、足元の感覚を取り戻しやすいかもしれません。,身につけるもの,外出前・身支度,通年,土|身につけるもの|キャメルブラウン|革のキーケース
土,○,陶器のアクセサリートレイ,サンドベージュ,土台・暮らし・安心感を戻すヒント,朝・昼,二黒土星・五黄土星・八白土星,今日は「陶器のアクセサリートレイ」を取り入れると、足元の感覚を取り戻しやすいかもしれません。,身につけるもの,外出前・身支度,通年,土|身につけるもの|サンドベージュ|陶器のアクセサリートレイ
土,○,さつまいものお菓子,イエローオークル,土台・暮らし・安心感を戻すヒント,朝・昼,二黒土星・五黄土星・八白土星,今日は「さつまいものお菓子」を取り入れると、足元の感覚を取り戻しやすいかもしれません。,飲食・休息,休憩・回復,秋,土|飲食・休息|イエローオークル|さつまいものお菓子
土,○,ベージュのストール,グレージュ,土台・暮らし・安心感を戻すヒント,朝・昼,二黒土星・五黄土星・八白土星,今日は「ベージュのストール」を取り入れると、足元の感覚を取り戻しやすいかもしれません。,身につけるもの,外出前・身支度,通年,土|身につけるもの|グレージュ|ベージュのストール
土,○,信楽焼の箸置き,土色,土台・暮らし・安心感を戻すヒント,朝・昼,二黒土星・五黄土星・八白土星,今日は「信楽焼の箸置き」を取り入れると、足元の感覚を取り戻しやすいかもしれません。,暮らしの道具,生活の土台を整える,通年,土|暮らしの道具|土色|信楽焼の箸置き
土,○,キャラメルラテ,キャラメル,土台・暮らし・安心感を戻すヒント,朝・昼,二黒土星・五黄土星・八白土星,今日は「キャラメルラテ」を取り入れると、足元の感覚を取り戻しやすいかもしれません。,飲食・休息,休憩・回復,通年,土|飲食・休息|キャラメル|キャラメルラテ
土,○,黄土色のニット,マスタード,土台・暮らし・安心感を戻すヒント,朝・昼,二黒土星・五黄土星・八白土星,今日は「黄土色のニット」を取り入れると、足元の感覚を取り戻しやすいかもしれません。,身につけるもの,外出前・身支度,秋・冬,土|身につけるもの|マスタード|黄土色のニット
土,○,ぬか漬け,ベージュ,土台・暮らし・安心感を戻すヒント,朝・昼,二黒土星・五黄土星・八白土星,今日は「ぬか漬け」を取り入れると、足元の感覚を取り戻しやすいかもしれません。,飲食・休息,休憩・回復,通年,土|飲食・休息|ベージュ|ぬか漬け
土,○,ベージュの手帳,ベージュ,土台・暮らし・安心感を戻すヒント,朝・昼,二黒土星・五黄土星・八白土星,今日は「ベージュの手帳」を取り入れると、足元の感覚を取り戻しやすいかもしれません。,文具・学び,考えごと・学び,通年,土|文具・学び|ベージュ|ベージュの手帳
土,○,黄色い付箋,レモンイエロー,土台・暮らし・安心感を戻すヒント,朝・昼,二黒土星・五黄土星・八白土星,今日は「黄色い付箋」を取り入れると、足元の感覚を取り戻しやすいかもしれません。,日用品,日常に小さく取り入れる,通年,土|日用品|レモンイエロー|黄色い付箋
土,○,木綿のタオル,生成り,土台・暮らし・安心感を戻すヒント,朝・昼,二黒土星・五黄土星・八白土星,今日は「木綿のタオル」を取り入れると、足元の感覚を取り戻しやすいかもしれません。,暮らしの道具,生活の土台を整える,通年,土|暮らしの道具|生成り|木綿のタオル
土,○,陶器の小皿,サンドベージュ,土台・暮らし・安心感を戻すヒント,朝・昼,二黒土星・五黄土星・八白土星,今日は「陶器の小皿」を取り入れると、足元の感覚を取り戻しやすいかもしれません。,暮らしの道具,生活の土台を整える,通年,土|暮らしの道具|サンドベージュ|陶器の小皿
土,○,玄米茶,玄米色,土台・暮らし・安心感を戻すヒント,朝・昼,二黒土星・五黄土星・八白土星,今日は「玄米茶」を取り入れると、足元の感覚を取り戻しやすいかもしれません。,飲食・休息,休憩・回復,通年,土|飲食・休息|玄米色|玄米茶
土,○,丸いクッション,ベージュ,土台・暮らし・安心感を戻すヒント,朝・昼,二黒土星・五黄土星・八白土星,今日は「丸いクッション」を取り入れると、足元の感覚を取り戻しやすいかもしれません。,暮らしの道具,生活の土台を整える,通年,土|暮らしの道具|ベージュ|丸いクッション
土,○,ベージュのランチョンマット,リネンベージュ,土台・暮らし・安心感を戻すヒント,朝・昼,二黒土星・五黄土星・八白土星,今日は「ベージュのランチョンマット」を取り入れると、足元の感覚を取り戻しやすいかもしれません。,暮らしの道具,生活の土台を整える,通年,土|暮らしの道具|リネンベージュ|ベージュのランチョンマット
土,○,籐の収納かご,ナチュラルブラウン,土台・暮らし・安心感を戻すヒント,朝・昼,二黒土星・五黄土星・八白土星,今日は「籐の収納かご」を取り入れると、足元の感覚を取り戻しやすいかもしれません。,暮らしの道具,生活の土台を整える,通年,土|暮らしの道具|ナチュラルブラウン|籐の収納かご
土,○,黄みの花を一輪,ミモザイエロー,土台・暮らし・安心感を戻すヒント,朝・昼,二黒土星・五黄土星・八白土星,今日は「黄みの花を一輪」を取り入れると、足元の感覚を取り戻しやすいかもしれません。,植物・花,部屋や机まわりを整える,春,土|植物・花|ミモザイエロー|黄みの花を一輪
土,○,きなこのお菓子,きなこ色,土台・暮らし・安心感を戻すヒント,朝・昼,二黒土星・五黄土星・八白土星,今日は「きなこのお菓子」を取り入れると、足元の感覚を取り戻しやすいかもしれません。,飲食・休息,休憩・回復,通年,土|飲食・休息|きなこ色|きなこのお菓子
土,,バナナ,バナナイエロー,土台・暮らし・安心感を戻すヒント,朝・昼,二黒土星・五黄土星・八白土星,今日は「バナナ」を取り入れると、足元の感覚を取り戻しやすいかもしれません。,日用品,日常に小さく取り入れる,通年,土|日用品|バナナイエロー|バナナ
土,,栗のお菓子,栗色,土台・暮らし・安心感を戻すヒント,朝・昼,二黒土星・五黄土星・八白土星,今日は「栗のお菓子」を取り入れると、足元の感覚を取り戻しやすいかもしれません。,飲食・休息,休憩・回復,秋,土|飲食・休息|栗色|栗のお菓子
土,,ベージュのブックカバー,グレージュ,土台・暮らし・安心感を戻すヒント,朝・昼,二黒土星・五黄土星・八白土星,今日は「ベージュのブックカバー」を取り入れると、足元の感覚を取り戻しやすいかもしれません。,文具・学び,考えごと・学び,通年,土|文具・学び|グレージュ|ベージュのブックカバー
土,,コルクのコースター,コルクブラウン,土台・暮らし・安心感を戻すヒント,朝・昼,二黒土星・五黄土星・八白土星,今日は「コルクのコースター」を取り入れると、足元の感覚を取り戻しやすいかもしれません。,暮らしの道具,生活の土台を整える,通年,土|暮らしの道具|コルクブラウン|コルクのコースター
土,,土色のノート,アースブラウン,土台・暮らし・安心感を戻すヒント,朝・昼,二黒土星・五黄土星・八白土星,今日は「土色のノート」を取り入れると、足元の感覚を取り戻しやすいかもしれません。,文具・学び,考えごと・学び,通年,土|文具・学び|アースブラウン|土色のノート
土,,キャメルの財布,キャメル,土台・暮らし・安心感を戻すヒント,朝・昼,二黒土星・五黄土星・八白土星,今日は「キャメルの財布」を取り入れると、足元の感覚を取り戻しやすいかもしれません。,身につけるもの,外出前・身支度,通年,土|身につけるもの|キャメル|キャメルの財布
土,,黄色いハンカチ,マスタード,土台・暮らし・安心感を戻すヒント,朝・昼,二黒土星・五黄土星・八白土星,今日は「黄色いハンカチ」を取り入れると、足元の感覚を取り戻しやすいかもしれません。,身につけるもの,外出前・身支度,通年,土|身につけるもの|マスタード|黄色いハンカチ
土,,オートミール,オートミール,土台・暮らし・安心感を戻すヒント,朝・昼,二黒土星・五黄土星・八白土星,今日は「オートミール」を取り入れると、足元の感覚を取り戻しやすいかもしれません。,日用品,日常に小さく取り入れる,通年,土|日用品|オートミール|オートミール
土,,ベージュのスリッパ,ベージュ,土台・暮らし・安心感を戻すヒント,朝・昼,二黒土星・五黄土星・八白土星,今日は「ベージュのスリッパ」を取り入れると、足元の感覚を取り戻しやすいかもしれません。,日用品,日常に小さく取り入れる,通年,土|日用品|ベージュ|ベージュのスリッパ
土,,陶器の花瓶,オフベージュ,土台・暮らし・安心感を戻すヒント,朝・昼,二黒土星・五黄土星・八白土星,今日は「陶器の花瓶」を取り入れると、足元の感覚を取り戻しやすいかもしれません。,植物・花,部屋や机まわりを整える,春,土|植物・花|オフベージュ|陶器の花瓶
土,,こっくりした味噌汁,ウォームブラウン,土台・暮らし・安心感を戻すヒント,朝・昼,二黒土星・五黄土星・八白土星,今日は「こっくりした味噌汁」を取り入れると、足元の感覚を取り戻しやすいかもしれません。,日用品,日常に小さく取り入れる,通年,土|日用品|ウォームブラウン|こっくりした味噌汁
土,,黄身色のマグネット,クリームイエロー,土台・暮らし・安心感を戻すヒント,朝・昼,二黒土星・五黄土星・八白土星,今日は「黄身色のマグネット」を取り入れると、足元の感覚を取り戻しやすいかもしれません。,飲食・休息,休憩・回復,通年,土|飲食・休息|クリームイエロー|黄身色のマグネット
土,,丸い木製トレー,ナチュラルブラウン,土台・暮らし・安心感を戻すヒント,朝・昼,二黒土星・五黄土星・八白土星,今日は「丸い木製トレー」を取り入れると、足元の感覚を取り戻しやすいかもしれません。,暮らしの道具,生活の土台を整える,通年,土|暮らしの道具|ナチュラルブラウン|丸い木製トレー
土,,ベージュのエプロン,リネンベージュ,土台・暮らし・安心感を戻すヒント,朝・昼,二黒土星・五黄土星・八白土星,今日は「ベージュのエプロン」を取り入れると、足元の感覚を取り戻しやすいかもしれません。,身につけるもの,外出前・身支度,通年,土|身につけるもの|リネンベージュ|ベージュのエプロン
土,,サンドカラーのポーチ,サンドベージュ,土台・暮らし・安心感を戻すヒント,朝・昼,二黒土星・五黄土星・八白土星,今日は「サンドカラーのポーチ」を取り入れると、足元の感覚を取り戻しやすいかもしれません。,身につけるもの,外出前・身支度,通年,土|身につけるもの|サンドベージュ|サンドカラーのポーチ
土,,じゃがいものスープ,ポテトベージュ,土台・暮らし・安心感を戻すヒント,朝・昼,二黒土星・五黄土星・八白土星,今日は「じゃがいものスープ」を取り入れると、足元の感覚を取り戻しやすいかもしれません。,飲食・休息,休憩・回復,通年,土|飲食・休息|ポテトベージュ|じゃがいものスープ
土,,玄関マット,ブラウンベージュ,土台・暮らし・安心感を戻すヒント,朝・昼,二黒土星・五黄土星・八白土星,今日は「玄関マット」を取り入れると、足元の感覚を取り戻しやすいかもしれません。,暮らしの道具,生活の土台を整える,通年,土|暮らしの道具|ブラウンベージュ|玄関マット
土,,小さな収納ボックス,クラフトブラウン,土台・暮らし・安心感を戻すヒント,朝・昼,二黒土星・五黄土星・八白土星,今日は「小さな収納ボックス」を取り入れると、足元の感覚を取り戻しやすいかもしれません。,暮らしの道具,生活の土台を整える,通年,土|暮らしの道具|クラフトブラウン|小さな収納ボックス
土,,黄色いメモ帳,イエロー,土台・暮らし・安心感を戻すヒント,朝・昼,二黒土星・五黄土星・八白土星,今日は「黄色いメモ帳」を取り入れると、足元の感覚を取り戻しやすいかもしれません。,文具・学び,考えごと・学び,通年,土|文具・学び|イエロー|黄色いメモ帳
土,,革のブックマーク,キャメル,土台・暮らし・安心感を戻すヒント,朝・昼,二黒土星・五黄土星・八白土星,今日は「革のブックマーク」を取り入れると、足元の感覚を取り戻しやすいかもしれません。,日用品,日常に小さく取り入れる,通年,土|日用品|キャメル|革のブックマーク
土,,土色のスマホケース,アースブラウン,土台・暮らし・安心感を戻すヒント,朝・昼,二黒土星・五黄土星・八白土星,今日は「土色のスマホケース」を取り入れると、足元の感覚を取り戻しやすいかもしれません。,デジタル・仕事道具,机まわりを整える,通年,土|デジタル・仕事道具|アースブラウン|土色のスマホケース
土,,ベージュのカードケース,ベージュ,土台・暮らし・安心感を戻すヒント,朝・昼,二黒土星・五黄土星・八白土星,今日は「ベージュのカードケース」を取り入れると、足元の感覚を取り戻しやすいかもしれません。,文具・学び,考えごと・学び,通年,土|文具・学び|ベージュ|ベージュのカードケース
土,,甘栗,栗色,土台・暮らし・安心感を戻すヒント,朝・昼,二黒土星・五黄土星・八白土星,今日は「甘栗」を取り入れると、足元の感覚を取り戻しやすいかもしれません。,日用品,日常に小さく取り入れる,秋,土|日用品|栗色|甘栗
土,,コーンスープ,コーンイエロー,土台・暮らし・安心感を戻すヒント,朝・昼,二黒土星・五黄土星・八白土星,今日は「コーンスープ」を取り入れると、足元の感覚を取り戻しやすいかもしれません。,飲食・休息,休憩・回復,通年,土|飲食・休息|コーンイエロー|コーンスープ
土,,黄色い花束,ミモザイエロー,土台・暮らし・安心感を戻すヒント,朝・昼,二黒土星・五黄土星・八白土星,今日は「黄色い花束」を取り入れると、足元の感覚を取り戻しやすいかもしれません。,植物・花,部屋や机まわりを整える,春,土|植物・花|ミモザイエロー|黄色い花束
土,,陶器の茶碗,オフホワイト,土台・暮らし・安心感を戻すヒント,朝・昼,二黒土星・五黄土星・八白土星,今日は「陶器の茶碗」を取り入れると、足元の感覚を取り戻しやすいかもしれません。,飲食・休息,休憩・回復,通年,土|飲食・休息|オフホワイト|陶器の茶碗
土,,ベージュのカーディガン,グレージュ,土台・暮らし・安心感を戻すヒント,朝・昼,二黒土星・五黄土星・八白土星,今日は「ベージュのカーディガン」を取り入れると、足元の感覚を取り戻しやすいかもしれません。,日用品,日常に小さく取り入れる,通年,土|日用品|グレージュ|ベージュのカーディガン
土,,ブラウンのベルト,ブラウン,土台・暮らし・安心感を戻すヒント,朝・昼,二黒土星・五黄土星・八白土星,今日は「ブラウンのベルト」を取り入れると、足元の感覚を取り戻しやすいかもしれません。,身につけるもの,外出前・身支度,通年,土|身につけるもの|ブラウン|ブラウンのベルト
土,,小豆のお菓子,小豆色,土台・暮らし・安心感を戻すヒント,朝・昼,二黒土星・五黄土星・八白土星,今日は「小豆のお菓子」を取り入れると、足元の感覚を取り戻しやすいかもしれません。,飲食・休息,休憩・回復,通年,土|飲食・休息|小豆色|小豆のお菓子
土,,丸い箸置き,土色,土台・暮らし・安心感を戻すヒント,朝・昼,二黒土星・五黄土星・八白土星,今日は「丸い箸置き」を取り入れると、足元の感覚を取り戻しやすいかもしれません。,暮らしの道具,生活の土台を整える,通年,土|暮らしの道具|土色|丸い箸置き
土,,クラフト紙のノート,クラフトブラウン,土台・暮らし・安心感を戻すヒント,朝・昼,二黒土星・五黄土星・八白土星,今日は「クラフト紙のノート」を取り入れると、足元の感覚を取り戻しやすいかもしれません。,文具・学び,考えごと・学び,通年,土|文具・学び|クラフトブラウン|クラフト紙のノート
土,,黄色いペン,マスタード,土台・暮らし・安心感を戻すヒント,朝・昼,二黒土星・五黄土星・八白土星,今日は「黄色いペン」を取り入れると、足元の感覚を取り戻しやすいかもしれません。,文具・学び,考えごと・学び,通年,土|文具・学び|マスタード|黄色いペン
土,,ベージュのマウスパッド,サンドベージュ,土台・暮らし・安心感を戻すヒント,朝・昼,二黒土星・五黄土星・八白土星,今日は「ベージュのマウスパッド」を取り入れると、足元の感覚を取り戻しやすいかもしれません。,デジタル・仕事道具,机まわりを整える,通年,土|デジタル・仕事道具|サンドベージュ|ベージュのマウスパッド
土,,焼き芋,黄金色,土台・暮らし・安心感を戻すヒント,朝・昼,二黒土星・五黄土星・八白土星,今日は「焼き芋」を取り入れると、足元の感覚を取り戻しやすいかもしれません。,日用品,日常に小さく取り入れる,通年,土|日用品|黄金色|焼き芋
土,,もちもちしたパン,ウィート,土台・暮らし・安心感を戻すヒント,朝・昼,二黒土星・五黄土星・八白土星,今日は「もちもちしたパン」を取り入れると、足元の感覚を取り戻しやすいかもしれません。,飲食・休息,休憩・回復,通年,土|飲食・休息|ウィート|もちもちしたパン
土,,小さな土鈴,土色,土台・暮らし・安心感を戻すヒント,朝・昼,二黒土星・五黄土星・八白土星,今日は「小さな土鈴」を取り入れると、足元の感覚を取り戻しやすいかもしれません。,日用品,日常に小さく取り入れる,通年,土|日用品|土色|小さな土鈴
土,,陶器のアロマストーン,アイボリー,土台・暮らし・安心感を戻すヒント,朝・昼,二黒土星・五黄土星・八白土星,今日は「陶器のアロマストーン」を取り入れると、足元の感覚を取り戻しやすいかもしれません。,香り・灯り,気分の切り替え,通年,土|香り・灯り|アイボリー|陶器のアロマストーン
土,,ベージュのスマホ壁紙,ベージュ,土台・暮らし・安心感を戻すヒント,朝・昼,二黒土星・五黄土星・八白土星,今日は「ベージュのスマホ壁紙」を取り入れると、足元の感覚を取り戻しやすいかもしれません。,デジタル・仕事道具,机まわりを整える,通年,土|デジタル・仕事道具|ベージュ|ベージュのスマホ壁紙
土,,ブラウンのトートバッグ,ブラウン,土台・暮らし・安心感を戻すヒント,朝・昼,二黒土星・五黄土星・八白土星,今日は「ブラウンのトートバッグ」を取り入れると、足元の感覚を取り戻しやすいかもしれません。,身につけるもの,外出前・身支度,通年,土|身につけるもの|ブラウン|ブラウンのトートバッグ
土,,黄色いクリアファイル,イエロー,土台・暮らし・安心感を戻すヒント,朝・昼,二黒土星・五黄土星・八白土星,今日は「黄色いクリアファイル」を取り入れると、足元の感覚を取り戻しやすいかもしれません。,文具・学び,考えごと・学び,通年,土|文具・学び|イエロー|黄色いクリアファイル
土,,丸い木の時計,ナチュラルブラウン,土台・暮らし・安心感を戻すヒント,朝・昼,二黒土星・五黄土星・八白土星,今日は「丸い木の時計」を取り入れると、足元の感覚を取り戻しやすいかもしれません。,暮らしの道具,生活の土台を整える,通年,土|暮らしの道具|ナチュラルブラウン|丸い木の時計
土,,干し芋,イエローオークル,土台・暮らし・安心感を戻すヒント,朝・昼,二黒土星・五黄土星・八白土星,今日は「干し芋」を取り入れると、足元の感覚を取り戻しやすいかもしれません。,日用品,日常に小さく取り入れる,通年,土|日用品|イエローオークル|干し芋
土,,土色のペーパーウェイト,アースブラウン,土台・暮らし・安心感を戻すヒント,朝・昼,二黒土星・五黄土星・八白土星,今日は「土色のペーパーウェイト」を取り入れると、足元の感覚を取り戻しやすいかもしれません。,文具・学び,考えごと・学び,通年,土|文具・学び|アースブラウン|土色のペーパーウェイト
土,,ベージュのブランケット,グレージュ,土台・暮らし・安心感を戻すヒント,朝・昼,二黒土星・五黄土星・八白土星,今日は「ベージュのブランケット」を取り入れると、足元の感覚を取り戻しやすいかもしれません。,暮らしの道具,生活の土台を整える,秋・冬,土|暮らしの道具|グレージュ|ベージュのブランケット
土,,玄米のおにぎり,玄米色,土台・暮らし・安心感を戻すヒント,朝・昼,二黒土星・五黄土星・八白土星,今日は「玄米のおにぎり」を取り入れると、足元の感覚を取り戻しやすいかもしれません。,飲食・休息,休憩・回復,通年,土|飲食・休息|玄米色|玄米のおにぎり
土,,キャラメル色の手袋,キャメル,土台・暮らし・安心感を戻すヒント,朝・昼,二黒土星・五黄土星・八白土星,今日は「キャラメル色の手袋」を取り入れると、足元の感覚を取り戻しやすいかもしれません。,身につけるもの,外出前・身支度,秋・冬,土|身につけるもの|キャメル|キャラメル色の手袋
土,,黄色いマスキングテープ,マスタード,土台・暮らし・安心感を戻すヒント,朝・昼,二黒土星・五黄土星・八白土星,今日は「黄色いマスキングテープ」を取り入れると、足元の感覚を取り戻しやすいかもしれません。,文具・学び,考えごと・学び,通年,土|文具・学び|マスタード|黄色いマスキングテープ
土,,ほうじ茶ラテ,キャラメル,土台・暮らし・安心感を戻すヒント,朝・昼,二黒土星・五黄土星・八白土星,今日は「ほうじ茶ラテ」を取り入れると、足元の感覚を取り戻しやすいかもしれません。,飲食・休息,休憩・回復,通年,土|飲食・休息|キャラメル|ほうじ茶ラテ
土,,陶器の水差し,サンドベージュ,土台・暮らし・安心感を戻すヒント,朝・昼,二黒土星・五黄土星・八白土星,今日は「陶器の水差し」を取り入れると、足元の感覚を取り戻しやすいかもしれません。,暮らしの道具,生活の土台を整える,通年,土|暮らしの道具|サンドベージュ|陶器の水差し
土,,ベージュのペンケース,ベージュ,土台・暮らし・安心感を戻すヒント,朝・昼,二黒土星・五黄土星・八白土星,今日は「ベージュのペンケース」を取り入れると、足元の感覚を取り戻しやすいかもしれません。,文具・学び,考えごと・学び,通年,土|文具・学び|ベージュ|ベージュのペンケース
土,,山のポストカード,アースブラウン,土台・暮らし・安心感を戻すヒント,朝・昼,二黒土星・五黄土星・八白土星,今日は「山のポストカード」を取り入れると、足元の感覚を取り戻しやすいかもしれません。,文具・学び,考えごと・学び,通年,土|文具・学び|アースブラウン|山のポストカード
土,,ブラウンの靴下,ブラウン,土台・暮らし・安心感を戻すヒント,朝・昼,二黒土星・五黄土星・八白土星,今日は「ブラウンの靴下」を取り入れると、足元の感覚を取り戻しやすいかもしれません。,身につけるもの,外出前・身支度,通年,土|身につけるもの|ブラウン|ブラウンの靴下
土,,木製の収納棚,ナチュラルブラウン,土台・暮らし・安心感を戻すヒント,朝・昼,二黒土星・五黄土星・八白土星,今日は「木製の収納棚」を取り入れると、足元の感覚を取り戻しやすいかもしれません。,暮らしの道具,生活の土台を整える,通年,土|暮らしの道具|ナチュラルブラウン|木製の収納棚
土,,黄色いスマホリング,イエロー,土台・暮らし・安心感を戻すヒント,朝・昼,二黒土星・五黄土星・八白土星,今日は「黄色いスマホリング」を取り入れると、足元の感覚を取り戻しやすいかもしれません。,身につけるもの,外出前・身支度,通年,土|身につけるもの|イエロー|黄色いスマホリング
土,,味噌玉,ウォームブラウン,土台・暮らし・安心感を戻すヒント,朝・昼,二黒土星・五黄土星・八白土星,今日は「味噌玉」を取り入れると、足元の感覚を取り戻しやすいかもしれません。,日用品,日常に小さく取り入れる,通年,土|日用品|ウォームブラウン|味噌玉
土,,小さな籐トレー,ナチュラルブラウン,土台・暮らし・安心感を戻すヒント,朝・昼,二黒土星・五黄土星・八白土星,今日は「小さな籐トレー」を取り入れると、足元の感覚を取り戻しやすいかもしれません。,暮らしの道具,生活の土台を整える,通年,土|暮らしの道具|ナチュラルブラウン|小さな籐トレー
土,,ベージュの名刺入れ,グレージュ,土台・暮らし・安心感を戻すヒント,朝・昼,二黒土星・五黄土星・八白土星,今日は「ベージュの名刺入れ」を取り入れると、足元の感覚を取り戻しやすいかもしれません。,身につけるもの,外出前・身支度,通年,土|身につけるもの|グレージュ|ベージュの名刺入れ
土,,黄土色のブックカバー,黄土色,土台・暮らし・安心感を戻すヒント,朝・昼,二黒土星・五黄土星・八白土星,今日は「黄土色のブックカバー」を取り入れると、足元の感覚を取り戻しやすいかもしれません。,文具・学び,考えごと・学び,通年,土|文具・学び|黄土色|黄土色のブックカバー
土,,陶器のキャンドルホルダー,テラコッタ,土台・暮らし・安心感を戻すヒント,朝・昼,二黒土星・五黄土星・八白土星,今日は「陶器のキャンドルホルダー」を取り入れると、足元の感覚を取り戻しやすいかもしれません。,香り・灯り,気分の切り替え,秋・冬,土|香り・灯り|テラコッタ|陶器のキャンドルホルダー
土,,栗色のノートPCケース,栗色,土台・暮らし・安心感を戻すヒント,朝・昼,二黒土星・五黄土星・八白土星,今日は「栗色のノートPCケース」を取り入れると、足元の感覚を取り戻しやすいかもしれません。,文具・学び,考えごと・学び,秋,土|文具・学び|栗色|栗色のノートPCケース
土,,クリーム色のシャツ,クリーム,土台・暮らし・安心感を戻すヒント,朝・昼,二黒土星・五黄土星・八白土星,今日は「クリーム色のシャツ」を取り入れると、足元の感覚を取り戻しやすいかもしれません。,身につけるもの,外出前・身支度,通年,土|身につけるもの|クリーム|クリーム色のシャツ
土,,黄色い折りたたみ傘,マスタード,土台・暮らし・安心感を戻すヒント,朝・昼,二黒土星・五黄土星・八白土星,今日は「黄色い折りたたみ傘」を取り入れると、足元の感覚を取り戻しやすいかもしれません。,身につけるもの,外出前・身支度,梅雨,土|身につけるもの|マスタード|黄色い折りたたみ傘
土,,黒糖のお菓子,黒糖ブラウン,土台・暮らし・安心感を戻すヒント,朝・昼,二黒土星・五黄土星・八白土星,今日は「黒糖のお菓子」を取り入れると、足元の感覚を取り戻しやすいかもしれません。,飲食・休息,休憩・回復,通年,土|飲食・休息|黒糖ブラウン|黒糖のお菓子
土,,サンドカラーの財布,サンドベージュ,土台・暮らし・安心感を戻すヒント,朝・昼,二黒土星・五黄土星・八白土星,今日は「サンドカラーの財布」を取り入れると、足元の感覚を取り戻しやすいかもしれません。,身につけるもの,外出前・身支度,通年,土|身につけるもの|サンドベージュ|サンドカラーの財布
土,,ベージュのポストカード,ベージュ,土台・暮らし・安心感を戻すヒント,朝・昼,二黒土星・五黄土星・八白土星,今日は「ベージュのポストカード」を取り入れると、足元の感覚を取り戻しやすいかもしれません。,文具・学び,考えごと・学び,通年,土|文具・学び|ベージュ|ベージュのポストカード
土,,じゃがいも料理,ポテトベージュ,土台・暮らし・安心感を戻すヒント,朝・昼,二黒土星・五黄土星・八白土星,今日は「じゃがいも料理」を取り入れると、足元の感覚を取り戻しやすいかもしれません。,日用品,日常に小さく取り入れる,通年,土|日用品|ポテトベージュ|じゃがいも料理
土,,土色のランチクロス,アースブラウン,土台・暮らし・安心感を戻すヒント,朝・昼,二黒土星・五黄土星・八白土星,今日は「土色のランチクロス」を取り入れると、足元の感覚を取り戻しやすいかもしれません。,日用品,日常に小さく取り入れる,通年,土|日用品|アースブラウン|土色のランチクロス
土,,小さな石の置物,ストーンベージュ,土台・暮らし・安心感を戻すヒント,朝・昼,二黒土星・五黄土星・八白土星,今日は「小さな石の置物」を取り入れると、足元の感覚を取り戻しやすいかもしれません。,日用品,日常に小さく取り入れる,通年,土|日用品|ストーンベージュ|小さな石の置物
土,,クリーム色のマグカップ,クリーム,土台・暮らし・安心感を戻すヒント,朝・昼,二黒土星・五黄土星・八白土星,今日は「クリーム色のマグカップ」を取り入れると、足元の感覚を取り戻しやすいかもしれません。,飲食・休息,休憩・回復,通年,土|飲食・休息|クリーム|クリーム色のマグカップ
土,,黄色いキーホルダー,イエロー,土台・暮らし・安心感を戻すヒント,朝・昼,二黒土星・五黄土星・八白土星,今日は「黄色いキーホルダー」を取り入れると、足元の感覚を取り戻しやすいかもしれません。,日用品,日常に小さく取り入れる,通年,土|日用品|イエロー|黄色いキーホルダー
金,○,シルバーのアクセサリー,シルバー,整える・磨く・輪郭を作るヒント,朝・外出前,六白金星・七赤金星,今日は「シルバーのアクセサリー」を取り入れると、気持ちの輪郭を整えやすい日です。,身につけるもの,外出前・身支度,通年,金|身につけるもの|シルバー|シルバーのアクセサリー
金,○,白いシャツ,ホワイト,整える・磨く・輪郭を作るヒント,朝・外出前,六白金星・七赤金星,今日は「白いシャツ」を取り入れると、気持ちの輪郭を整えやすい日です。,身につけるもの,外出前・身支度,通年,金|身につけるもの|ホワイト|白いシャツ
金,○,みがいた鏡,シルバーグレー,整える・磨く・輪郭を作るヒント,朝・外出前,六白金星・七赤金星,今日は「みがいた鏡」を取り入れると、気持ちの輪郭を整えやすい日です。,暮らしの道具,生活の土台を整える,通年,金|暮らしの道具|シルバーグレー|みがいた鏡
金,○,金属のペン,ガンメタル,整える・磨く・輪郭を作るヒント,朝・外出前,六白金星・七赤金星,今日は「金属のペン」を取り入れると、気持ちの輪郭を整えやすい日です。,文具・学び,考えごと・学び,通年,金|文具・学び|ガンメタル|金属のペン
金,○,白いハンカチ,オフホワイト,整える・磨く・輪郭を作るヒント,朝・外出前,六白金星・七赤金星,今日は「白いハンカチ」を取り入れると、気持ちの輪郭を整えやすい日です。,身につけるもの,外出前・身支度,通年,金|身につけるもの|オフホワイト|白いハンカチ
金,○,真鍮のしおり,ブラスゴールド,整える・磨く・輪郭を作るヒント,朝・外出前,六白金星・七赤金星,今日は「真鍮のしおり」を取り入れると、気持ちの輪郭を整えやすい日です。,文具・学び,考えごと・学び,通年,金|文具・学び|ブラスゴールド|真鍮のしおり
金,○,白い陶器のプレート,ホワイト,整える・磨く・輪郭を作るヒント,朝・外出前,六白金星・七赤金星,今日は「白い陶器のプレート」を取り入れると、気持ちの輪郭を整えやすい日です。,暮らしの道具,生活の土台を整える,通年,金|暮らしの道具|ホワイト|白い陶器のプレート
金,○,シルバーのリング,シルバー,整える・磨く・輪郭を作るヒント,朝・外出前,六白金星・七赤金星,今日は「シルバーのリング」を取り入れると、気持ちの輪郭を整えやすい日です。,身につけるもの,外出前・身支度,通年,金|身につけるもの|シルバー|シルバーのリング
金,○,ホワイトフローラルの香水,パールホワイト,整える・磨く・輪郭を作るヒント,朝・外出前,六白金星・七赤金星,今日は「ホワイトフローラルの香水」を取り入れると、気持ちの輪郭を整えやすい日です。,香り・灯り,気分の切り替え,通年,金|香り・灯り|パールホワイト|ホワイトフローラルの香水
金,○,ステンレスのボトル,ステンレスシルバー,整える・磨く・輪郭を作るヒント,朝・外出前,六白金星・七赤金星,今日は「ステンレスのボトル」を取り入れると、気持ちの輪郭を整えやすい日です。,飲食・休息,休憩・回復,通年,金|飲食・休息|ステンレスシルバー|ステンレスのボトル
金,○,パールのピアス,パール,整える・磨く・輪郭を作るヒント,朝・外出前,六白金星・七赤金星,今日は「パールのピアス」を取り入れると、気持ちの輪郭を整えやすい日です。,身につけるもの,外出前・身支度,通年,金|身につけるもの|パール|パールのピアス
金,○,白いスニーカー,ホワイト,整える・磨く・輪郭を作るヒント,朝・外出前,六白金星・七赤金星,今日は「白いスニーカー」を取り入れると、気持ちの輪郭を整えやすい日です。,身につけるもの,外出前・身支度,通年,金|身につけるもの|ホワイト|白いスニーカー
金,○,金縁のアクセサリートレイ,ゴールド,整える・磨く・輪郭を作るヒント,朝・外出前,六白金星・七赤金星,今日は「金縁のアクセサリートレイ」を取り入れると、気持ちの輪郭を整えやすい日です。,身につけるもの,外出前・身支度,通年,金|身につけるもの|ゴールド|金縁のアクセサリートレイ
金,○,クロームのキーリング,クローム,整える・磨く・輪郭を作るヒント,朝・外出前,六白金星・七赤金星,今日は「クロームのキーリング」を取り入れると、気持ちの輪郭を整えやすい日です。,身につけるもの,外出前・身支度,通年,金|身につけるもの|クローム|クロームのキーリング
金,○,白磁のカップ,白磁,整える・磨く・輪郭を作るヒント,朝・外出前,六白金星・七赤金星,今日は「白磁のカップ」を取り入れると、気持ちの輪郭を整えやすい日です。,飲食・休息,休憩・回復,通年,金|飲食・休息|白磁|白磁のカップ
金,○,シルバーの腕時計,シルバー,整える・磨く・輪郭を作るヒント,朝・外出前,六白金星・七赤金星,今日は「シルバーの腕時計」を取り入れると、気持ちの輪郭を整えやすい日です。,身につけるもの,外出前・身支度,通年,金|身につけるもの|シルバー|シルバーの腕時計
金,○,アイボリーのニット,アイボリー,整える・磨く・輪郭を作るヒント,朝・外出前,六白金星・七赤金星,今日は「アイボリーのニット」を取り入れると、気持ちの輪郭を整えやすい日です。,身につけるもの,外出前・身支度,秋・冬,金|身につけるもの|アイボリー|アイボリーのニット
金,○,ミニ鏡,シルバー,整える・磨く・輪郭を作るヒント,朝・外出前,六白金星・七赤金星,今日は「ミニ鏡」を取り入れると、気持ちの輪郭を整えやすい日です。,暮らしの道具,生活の土台を整える,通年,金|暮らしの道具|シルバー|ミニ鏡
金,○,銀のブックマーカー,シルバー,整える・磨く・輪郭を作るヒント,朝・外出前,六白金星・七赤金星,今日は「銀のブックマーカー」を取り入れると、気持ちの輪郭を整えやすい日です。,日用品,日常に小さく取り入れる,通年,金|日用品|シルバー|銀のブックマーカー
金,○,白い花を一輪,ピュアホワイト,整える・磨く・輪郭を作るヒント,朝・外出前,六白金星・七赤金星,今日は「白い花を一輪」を取り入れると、気持ちの輪郭を整えやすい日です。,植物・花,部屋や机まわりを整える,春,金|植物・花|ピュアホワイト|白い花を一輪
金,○,白いノート,ホワイト,整える・磨く・輪郭を作るヒント,朝・外出前,六白金星・七赤金星,今日は「白いノート」を取り入れると、気持ちの輪郭を整えやすい日です。,文具・学び,考えごと・学び,通年,金|文具・学び|ホワイト|白いノート
金,○,シルバーのペンケース,シルバー,整える・磨く・輪郭を作るヒント,朝・外出前,六白金星・七赤金星,今日は「シルバーのペンケース」を取り入れると、気持ちの輪郭を整えやすい日です。,文具・学び,考えごと・学び,通年,金|文具・学び|シルバー|シルバーのペンケース
金,○,金色のクリップ,ゴールド,整える・磨く・輪郭を作るヒント,朝・外出前,六白金星・七赤金星,今日は「金色のクリップ」を取り入れると、気持ちの輪郭を整えやすい日です。,文具・学び,考えごと・学び,通年,金|文具・学び|ゴールド|金色のクリップ
金,○,白いカードケース,ホワイト,整える・磨く・輪郭を作るヒント,朝・外出前,六白金星・七赤金星,今日は「白いカードケース」を取り入れると、気持ちの輪郭を整えやすい日です。,文具・学び,考えごと・学び,通年,金|文具・学び|ホワイト|白いカードケース
金,○,メタルフレームの眼鏡,シルバー,整える・磨く・輪郭を作るヒント,朝・外出前,六白金星・七赤金星,今日は「メタルフレームの眼鏡」を取り入れると、気持ちの輪郭を整えやすい日です。,暮らしの道具,生活の土台を整える,通年,金|暮らしの道具|シルバー|メタルフレームの眼鏡
金,○,白いスマホケース,ホワイト,整える・磨く・輪郭を作るヒント,朝・外出前,六白金星・七赤金星,今日は「白いスマホケース」を取り入れると、気持ちの輪郭を整えやすい日です。,デジタル・仕事道具,机まわりを整える,通年,金|デジタル・仕事道具|ホワイト|白いスマホケース
金,○,銀色のマグカップ,シルバー,整える・磨く・輪郭を作るヒント,朝・外出前,六白金星・七赤金星,今日は「銀色のマグカップ」を取り入れると、気持ちの輪郭を整えやすい日です。,飲食・休息,休憩・回復,通年,金|飲食・休息|シルバー|銀色のマグカップ
金,○,白いマスキングテープ,ホワイト,整える・磨く・輪郭を作るヒント,朝・外出前,六白金星・七赤金星,今日は「白いマスキングテープ」を取り入れると、気持ちの輪郭を整えやすい日です。,文具・学び,考えごと・学び,通年,金|文具・学び|ホワイト|白いマスキングテープ
金,○,金属製の定規,ステンレス,整える・磨く・輪郭を作るヒント,朝・外出前,六白金星・七赤金星,今日は「金属製の定規」を取り入れると、気持ちの輪郭を整えやすい日です。,日用品,日常に小さく取り入れる,通年,金|日用品|ステンレス|金属製の定規
金,○,白いデスクトレー,オフホワイト,整える・磨く・輪郭を作るヒント,朝・外出前,六白金星・七赤金星,今日は「白いデスクトレー」を取り入れると、気持ちの輪郭を整えやすい日です。,暮らしの道具,生活の土台を整える,通年,金|暮らしの道具|オフホワイト|白いデスクトレー
金,,小さなはさみ,シルバー,整える・磨く・輪郭を作るヒント,朝・外出前,六白金星・七赤金星,今日は「小さなはさみ」を取り入れると、気持ちの輪郭を整えやすい日です。,日用品,日常に小さく取り入れる,通年,金|日用品|シルバー|小さなはさみ
金,,白いイヤホンケース,ホワイト,整える・磨く・輪郭を作るヒント,朝・外出前,六白金星・七赤金星,今日は「白いイヤホンケース」を取り入れると、気持ちの輪郭を整えやすい日です。,デジタル・仕事道具,机まわりを整える,通年,金|デジタル・仕事道具|ホワイト|白いイヤホンケース
金,,シルバーのキーホルダー,シルバー,整える・磨く・輪郭を作るヒント,朝・外出前,六白金星・七赤金星,今日は「シルバーのキーホルダー」を取り入れると、気持ちの輪郭を整えやすい日です。,日用品,日常に小さく取り入れる,通年,金|日用品|シルバー|シルバーのキーホルダー
金,,白いブックカバー,ホワイト,整える・磨く・輪郭を作るヒント,朝・外出前,六白金星・七赤金星,今日は「白いブックカバー」を取り入れると、気持ちの輪郭を整えやすい日です。,文具・学び,考えごと・学び,通年,金|文具・学び|ホワイト|白いブックカバー
金,,ゴールドのしおり,ゴールド,整える・磨く・輪郭を作るヒント,朝・外出前,六白金星・七赤金星,今日は「ゴールドのしおり」を取り入れると、気持ちの輪郭を整えやすい日です。,文具・学び,考えごと・学び,通年,金|文具・学び|ゴールド|ゴールドのしおり
金,,白いポーチ,アイボリー,整える・磨く・輪郭を作るヒント,朝・外出前,六白金星・七赤金星,今日は「白いポーチ」を取り入れると、気持ちの輪郭を整えやすい日です。,身につけるもの,外出前・身支度,通年,金|身につけるもの|アイボリー|白いポーチ
金,,金属製の名刺入れ,シルバー,整える・磨く・輪郭を作るヒント,朝・外出前,六白金星・七赤金星,今日は「金属製の名刺入れ」を取り入れると、気持ちの輪郭を整えやすい日です。,身につけるもの,外出前・身支度,通年,金|身につけるもの|シルバー|金属製の名刺入れ
金,,白いタオル,ピュアホワイト,整える・磨く・輪郭を作るヒント,朝・外出前,六白金星・七赤金星,今日は「白いタオル」を取り入れると、気持ちの輪郭を整えやすい日です。,暮らしの道具,生活の土台を整える,通年,金|暮らしの道具|ピュアホワイト|白いタオル
金,,銀色のスマホリング,シルバー,整える・磨く・輪郭を作るヒント,朝・外出前,六白金星・七赤金星,今日は「銀色のスマホリング」を取り入れると、気持ちの輪郭を整えやすい日です。,身につけるもの,外出前・身支度,通年,金|身につけるもの|シルバー|銀色のスマホリング
金,,白いクリアファイル,ホワイト,整える・磨く・輪郭を作るヒント,朝・外出前,六白金星・七赤金星,今日は「白いクリアファイル」を取り入れると、気持ちの輪郭を整えやすい日です。,文具・学び,考えごと・学び,通年,金|文具・学び|ホワイト|白いクリアファイル
金,,シルバーのマウスパッド,シルバーグレー,整える・磨く・輪郭を作るヒント,朝・外出前,六白金星・七赤金星,今日は「シルバーのマウスパッド」を取り入れると、気持ちの輪郭を整えやすい日です。,デジタル・仕事道具,机まわりを整える,通年,金|デジタル・仕事道具|シルバーグレー|シルバーのマウスパッド
金,,ゴールドの小皿,ゴールド,整える・磨く・輪郭を作るヒント,朝・外出前,六白金星・七赤金星,今日は「ゴールドの小皿」を取り入れると、気持ちの輪郭を整えやすい日です。,暮らしの道具,生活の土台を整える,通年,金|暮らしの道具|ゴールド|ゴールドの小皿
金,,白い折りたたみ傘,ホワイト,整える・磨く・輪郭を作るヒント,朝・外出前,六白金星・七赤金星,今日は「白い折りたたみ傘」を取り入れると、気持ちの輪郭を整えやすい日です。,身につけるもの,外出前・身支度,梅雨,金|身につけるもの|ホワイト|白い折りたたみ傘
金,,金属のコースター,ステンレス,整える・磨く・輪郭を作るヒント,朝・外出前,六白金星・七赤金星,今日は「金属のコースター」を取り入れると、気持ちの輪郭を整えやすい日です。,暮らしの道具,生活の土台を整える,通年,金|暮らしの道具|ステンレス|金属のコースター
金,,白いキャンドル,ホワイト,整える・磨く・輪郭を作るヒント,朝・外出前,六白金星・七赤金星,今日は「白いキャンドル」を取り入れると、気持ちの輪郭を整えやすい日です。,香り・灯り,気分の切り替え,秋・冬,金|香り・灯り|ホワイト|白いキャンドル
金,,シルバーのイヤリング,シルバー,整える・磨く・輪郭を作るヒント,朝・外出前,六白金星・七赤金星,今日は「シルバーのイヤリング」を取り入れると、気持ちの輪郭を整えやすい日です。,身につけるもの,外出前・身支度,通年,金|身につけるもの|シルバー|シルバーのイヤリング
金,,白い手帳,ホワイト,整える・磨く・輪郭を作るヒント,朝・外出前,六白金星・七赤金星,今日は「白い手帳」を取り入れると、気持ちの輪郭を整えやすい日です。,文具・学び,考えごと・学び,通年,金|文具・学び|ホワイト|白い手帳
金,,金色のペン,ゴールド,整える・磨く・輪郭を作るヒント,朝・外出前,六白金星・七赤金星,今日は「金色のペン」を取り入れると、気持ちの輪郭を整えやすい日です。,文具・学び,考えごと・学び,通年,金|文具・学び|ゴールド|金色のペン
金,,白いペーパーウェイト,ホワイト,整える・磨く・輪郭を作るヒント,朝・外出前,六白金星・七赤金星,今日は「白いペーパーウェイト」を取り入れると、気持ちの輪郭を整えやすい日です。,文具・学び,考えごと・学び,通年,金|文具・学び|ホワイト|白いペーパーウェイト
金,,銀色のブローチ,シルバー,整える・磨く・輪郭を作るヒント,朝・外出前,六白金星・七赤金星,今日は「銀色のブローチ」を取り入れると、気持ちの輪郭を整えやすい日です。,身につけるもの,外出前・身支度,通年,金|身につけるもの|シルバー|銀色のブローチ
金,,白い花瓶,ホワイト,整える・磨く・輪郭を作るヒント,朝・外出前,六白金星・七赤金星,今日は「白い花瓶」を取り入れると、気持ちの輪郭を整えやすい日です。,植物・花,部屋や机まわりを整える,春,金|植物・花|ホワイト|白い花瓶
金,,クロームのスマホスタンド,クローム,整える・磨く・輪郭を作るヒント,朝・外出前,六白金星・七赤金星,今日は「クロームのスマホスタンド」を取り入れると、気持ちの輪郭を整えやすい日です。,暮らしの道具,生活の土台を整える,通年,金|暮らしの道具|クローム|クロームのスマホスタンド
金,,白い靴下,ホワイト,整える・磨く・輪郭を作るヒント,朝・外出前,六白金星・七赤金星,今日は「白い靴下」を取り入れると、気持ちの輪郭を整えやすい日です。,身につけるもの,外出前・身支度,通年,金|身につけるもの|ホワイト|白い靴下
金,,シルバーのヘアクリップ,シルバー,整える・磨く・輪郭を作るヒント,朝・外出前,六白金星・七赤金星,今日は「シルバーのヘアクリップ」を取り入れると、気持ちの輪郭を整えやすい日です。,文具・学び,考えごと・学び,通年,金|文具・学び|シルバー|シルバーのヘアクリップ
金,,金属のカトラリー,ステンレス,整える・磨く・輪郭を作るヒント,朝・外出前,六白金星・七赤金星,今日は「金属のカトラリー」を取り入れると、気持ちの輪郭を整えやすい日です。,日用品,日常に小さく取り入れる,通年,金|日用品|ステンレス|金属のカトラリー
金,,白いランチクロス,ホワイト,整える・磨く・輪郭を作るヒント,朝・外出前,六白金星・七赤金星,今日は「白いランチクロス」を取り入れると、気持ちの輪郭を整えやすい日です。,日用品,日常に小さく取り入れる,通年,金|日用品|ホワイト|白いランチクロス
金,,ゴールドのカードケース,ゴールド,整える・磨く・輪郭を作るヒント,朝・外出前,六白金星・七赤金星,今日は「ゴールドのカードケース」を取り入れると、気持ちの輪郭を整えやすい日です。,文具・学び,考えごと・学び,通年,金|文具・学び|ゴールド|ゴールドのカードケース
金,,白い収納ボックス,オフホワイト,整える・磨く・輪郭を作るヒント,朝・外出前,六白金星・七赤金星,今日は「白い収納ボックス」を取り入れると、気持ちの輪郭を整えやすい日です。,暮らしの道具,生活の土台を整える,通年,金|暮らしの道具|オフホワイト|白い収納ボックス
金,,シルバーのノートPCケース,シルバーグレー,整える・磨く・輪郭を作るヒント,朝・外出前,六白金星・七赤金星,今日は「シルバーのノートPCケース」を取り入れると、気持ちの輪郭を整えやすい日です。,文具・学び,考えごと・学び,通年,金|文具・学び|シルバーグレー|シルバーのノートPCケース
金,,白いマグネット,ホワイト,整える・磨く・輪郭を作るヒント,朝・外出前,六白金星・七赤金星,今日は「白いマグネット」を取り入れると、気持ちの輪郭を整えやすい日です。,飲食・休息,休憩・回復,通年,金|飲食・休息|ホワイト|白いマグネット
金,,真鍮のキーケース,ブラス,整える・磨く・輪郭を作るヒント,朝・外出前,六白金星・七赤金星,今日は「真鍮のキーケース」を取り入れると、気持ちの輪郭を整えやすい日です。,身につけるもの,外出前・身支度,通年,金|身につけるもの|ブラス|真鍮のキーケース
金,,白いマウス,ホワイト,整える・磨く・輪郭を作るヒント,朝・外出前,六白金星・七赤金星,今日は「白いマウス」を取り入れると、気持ちの輪郭を整えやすい日です。,デジタル・仕事道具,机まわりを整える,通年,金|デジタル・仕事道具|ホワイト|白いマウス
金,,シルバーのデスクライト,シルバー,整える・磨く・輪郭を作るヒント,朝・外出前,六白金星・七赤金星,今日は「シルバーのデスクライト」を取り入れると、気持ちの輪郭を整えやすい日です。,香り・灯り,気分の切り替え,通年,金|香り・灯り|シルバー|シルバーのデスクライト
金,,白いハンドクリーム,パールホワイト,整える・磨く・輪郭を作るヒント,朝・外出前,六白金星・七赤金星,今日は「白いハンドクリーム」を取り入れると、気持ちの輪郭を整えやすい日です。,日用品,日常に小さく取り入れる,通年,金|日用品|パールホワイト|白いハンドクリーム
金,,ゴールドのスマホケース,ゴールド,整える・磨く・輪郭を作るヒント,朝・外出前,六白金星・七赤金星,今日は「ゴールドのスマホケース」を取り入れると、気持ちの輪郭を整えやすい日です。,デジタル・仕事道具,机まわりを整える,通年,金|デジタル・仕事道具|ゴールド|ゴールドのスマホケース
金,,白い小皿,ホワイト,整える・磨く・輪郭を作るヒント,朝・外出前,六白金星・七赤金星,今日は「白い小皿」を取り入れると、気持ちの輪郭を整えやすい日です。,暮らしの道具,生活の土台を整える,通年,金|暮らしの道具|ホワイト|白い小皿
金,,銀色のふせんケース,シルバー,整える・磨く・輪郭を作るヒント,朝・外出前,六白金星・七赤金星,今日は「銀色のふせんケース」を取り入れると、気持ちの輪郭を整えやすい日です。,デジタル・仕事道具,机まわりを整える,通年,金|デジタル・仕事道具|シルバー|銀色のふせんケース
金,,白いスカーフ,オフホワイト,整える・磨く・輪郭を作るヒント,朝・外出前,六白金星・七赤金星,今日は「白いスカーフ」を取り入れると、気持ちの輪郭を整えやすい日です。,身につけるもの,外出前・身支度,通年,金|身につけるもの|オフホワイト|白いスカーフ
金,,金属製のペーパークリップ,シルバー,整える・磨く・輪郭を作るヒント,朝・外出前,六白金星・七赤金星,今日は「金属製のペーパークリップ」を取り入れると、気持ちの輪郭を整えやすい日です。,文具・学び,考えごと・学び,通年,金|文具・学び|シルバー|金属製のペーパークリップ
金,,白いアートカード,ホワイト,整える・磨く・輪郭を作るヒント,朝・外出前,六白金星・七赤金星,今日は「白いアートカード」を取り入れると、気持ちの輪郭を整えやすい日です。,文具・学び,考えごと・学び,通年,金|文具・学び|ホワイト|白いアートカード
金,,シルバーのボトル,シルバー,整える・磨く・輪郭を作るヒント,朝・外出前,六白金星・七赤金星,今日は「シルバーのボトル」を取り入れると、気持ちの輪郭を整えやすい日です。,飲食・休息,休憩・回復,通年,金|飲食・休息|シルバー|シルバーのボトル
金,,白い名刺入れ,ホワイト,整える・磨く・輪郭を作るヒント,朝・外出前,六白金星・七赤金星,今日は「白い名刺入れ」を取り入れると、気持ちの輪郭を整えやすい日です。,身につけるもの,外出前・身支度,通年,金|身につけるもの|ホワイト|白い名刺入れ
金,,ゴールドのブックマーカー,ゴールド,整える・磨く・輪郭を作るヒント,朝・外出前,六白金星・七赤金星,今日は「ゴールドのブックマーカー」を取り入れると、気持ちの輪郭を整えやすい日です。,日用品,日常に小さく取り入れる,通年,金|日用品|ゴールド|ゴールドのブックマーカー
金,,白いフラワーベース,ホワイト,整える・磨く・輪郭を作るヒント,朝・外出前,六白金星・七赤金星,今日は「白いフラワーベース」を取り入れると、気持ちの輪郭を整えやすい日です。,暮らしの道具,生活の土台を整える,通年,金|暮らしの道具|ホワイト|白いフラワーベース
金,,銀色のリングノート,シルバー,整える・磨く・輪郭を作るヒント,朝・外出前,六白金星・七赤金星,今日は「銀色のリングノート」を取り入れると、気持ちの輪郭を整えやすい日です。,文具・学び,考えごと・学び,通年,金|文具・学び|シルバー|銀色のリングノート
金,,白いカレンダー,ホワイト,整える・磨く・輪郭を作るヒント,朝・外出前,六白金星・七赤金星,今日は「白いカレンダー」を取り入れると、気持ちの輪郭を整えやすい日です。,暮らしの道具,生活の土台を整える,通年,金|暮らしの道具|ホワイト|白いカレンダー
金,,シルバーの腕輪,シルバー,整える・磨く・輪郭を作るヒント,朝・外出前,六白金星・七赤金星,今日は「シルバーの腕輪」を取り入れると、気持ちの輪郭を整えやすい日です。,日用品,日常に小さく取り入れる,通年,金|日用品|シルバー|シルバーの腕輪
金,,金色のアクセサリー,ゴールド,整える・磨く・輪郭を作るヒント,朝・外出前,六白金星・七赤金星,今日は「金色のアクセサリー」を取り入れると、気持ちの輪郭を整えやすい日です。,身につけるもの,外出前・身支度,通年,金|身につけるもの|ゴールド|金色のアクセサリー
金,,白いエコバッグ,ホワイト,整える・磨く・輪郭を作るヒント,朝・外出前,六白金星・七赤金星,今日は「白いエコバッグ」を取り入れると、気持ちの輪郭を整えやすい日です。,身につけるもの,外出前・身支度,通年,金|身につけるもの|ホワイト|白いエコバッグ
金,,メタルのペントレイ,ガンメタル,整える・磨く・輪郭を作るヒント,朝・外出前,六白金星・七赤金星,今日は「メタルのペントレイ」を取り入れると、気持ちの輪郭を整えやすい日です。,文具・学び,考えごと・学び,通年,金|文具・学び|ガンメタル|メタルのペントレイ
金,,白いルームソックス,オフホワイト,整える・磨く・輪郭を作るヒント,朝・外出前,六白金星・七赤金星,今日は「白いルームソックス」を取り入れると、気持ちの輪郭を整えやすい日です。,身につけるもの,外出前・身支度,通年,金|身につけるもの|オフホワイト|白いルームソックス
金,,シルバーのマグネット,シルバー,整える・磨く・輪郭を作るヒント,朝・外出前,六白金星・七赤金星,今日は「シルバーのマグネット」を取り入れると、気持ちの輪郭を整えやすい日です。,飲食・休息,休憩・回復,通年,金|飲食・休息|シルバー|シルバーのマグネット
金,,ゴールドのイヤーカフ,ゴールド,整える・磨く・輪郭を作るヒント,朝・外出前,六白金星・七赤金星,今日は「ゴールドのイヤーカフ」を取り入れると、気持ちの輪郭を整えやすい日です。,日用品,日常に小さく取り入れる,通年,金|日用品|ゴールド|ゴールドのイヤーカフ
金,,白いポストカード,ホワイト,整える・磨く・輪郭を作るヒント,朝・外出前,六白金星・七赤金星,今日は「白いポストカード」を取り入れると、気持ちの輪郭を整えやすい日です。,文具・学び,考えごと・学び,通年,金|文具・学び|ホワイト|白いポストカード
金,,金属製の時計,ステンレス,整える・磨く・輪郭を作るヒント,朝・外出前,六白金星・七赤金星,今日は「金属製の時計」を取り入れると、気持ちの輪郭を整えやすい日です。,暮らしの道具,生活の土台を整える,通年,金|暮らしの道具|ステンレス|金属製の時計
金,,白いキーボード,ホワイト,整える・磨く・輪郭を作るヒント,朝・外出前,六白金星・七赤金星,今日は「白いキーボード」を取り入れると、気持ちの輪郭を整えやすい日です。,デジタル・仕事道具,机まわりを整える,通年,金|デジタル・仕事道具|ホワイト|白いキーボード
金,,シルバーの財布,シルバー,整える・磨く・輪郭を作るヒント,朝・外出前,六白金星・七赤金星,今日は「シルバーの財布」を取り入れると、気持ちの輪郭を整えやすい日です。,身につけるもの,外出前・身支度,通年,金|身につけるもの|シルバー|シルバーの財布
金,,白いブランケット,アイボリー,整える・磨く・輪郭を作るヒント,朝・外出前,六白金星・七赤金星,今日は「白いブランケット」を取り入れると、気持ちの輪郭を整えやすい日です。,暮らしの道具,生活の土台を整える,秋・冬,金|暮らしの道具|アイボリー|白いブランケット
金,,金色のマスキングテープ,ゴールド,整える・磨く・輪郭を作るヒント,朝・外出前,六白金星・七赤金星,今日は「金色のマスキングテープ」を取り入れると、気持ちの輪郭を整えやすい日です。,文具・学び,考えごと・学び,通年,金|文具・学び|ゴールド|金色のマスキングテープ
金,,白い箸置き,白磁,整える・磨く・輪郭を作るヒント,朝・外出前,六白金星・七赤金星,今日は「白い箸置き」を取り入れると、気持ちの輪郭を整えやすい日です。,暮らしの道具,生活の土台を整える,通年,金|暮らしの道具|白磁|白い箸置き
金,,シルバーのカードスタンド,シルバー,整える・磨く・輪郭を作るヒント,朝・外出前,六白金星・七赤金星,今日は「シルバーのカードスタンド」を取り入れると、気持ちの輪郭を整えやすい日です。,文具・学び,考えごと・学び,通年,金|文具・学び|シルバー|シルバーのカードスタンド
金,,白いメモ帳,ホワイト,整える・磨く・輪郭を作るヒント,朝・外出前,六白金星・七赤金星,今日は「白いメモ帳」を取り入れると、気持ちの輪郭を整えやすい日です。,文具・学び,考えごと・学び,通年,金|文具・学び|ホワイト|白いメモ帳
金,,ゴールドの小箱,ゴールド,整える・磨く・輪郭を作るヒント,朝・外出前,六白金星・七赤金星,今日は「ゴールドの小箱」を取り入れると、気持ちの輪郭を整えやすい日です。,日用品,日常に小さく取り入れる,通年,金|日用品|ゴールド|ゴールドの小箱
金,,白い卓上ランプ,ウォームホワイト,整える・磨く・輪郭を作るヒント,朝・外出前,六白金星・七赤金星,今日は「白い卓上ランプ」を取り入れると、気持ちの輪郭を整えやすい日です。,香り・灯り,気分の切り替え,通年,金|香り・灯り|ウォームホワイト|白い卓上ランプ
金,,銀色の靴ひも,シルバー,整える・磨く・輪郭を作るヒント,朝・外出前,六白金星・七赤金星,今日は「銀色の靴ひも」を取り入れると、気持ちの輪郭を整えやすい日です。,日用品,日常に小さく取り入れる,通年,金|日用品|シルバー|銀色の靴ひも
金,,白い財布,ホワイト,整える・磨く・輪郭を作るヒント,朝・外出前,六白金星・七赤金星,今日は「白い財布」を取り入れると、気持ちの輪郭を整えやすい日です。,身につけるもの,外出前・身支度,通年,金|身につけるもの|ホワイト|白い財布
金,,ステンレスの小皿,ステンレス,整える・磨く・輪郭を作るヒント,朝・外出前,六白金星・七赤金星,今日は「ステンレスの小皿」を取り入れると、気持ちの輪郭を整えやすい日です。,暮らしの道具,生活の土台を整える,通年,金|暮らしの道具|ステンレス|ステンレスの小皿
金,,白い歯ブラシ,ホワイト,整える・磨く・輪郭を作るヒント,朝・外出前,六白金星・七赤金星,今日は「白い歯ブラシ」を取り入れると、気持ちの輪郭を整えやすい日です。,暮らしの道具,生活の土台を整える,通年,金|暮らしの道具|ホワイト|白い歯ブラシ
金,,シルバーのUSBメモリ,シルバー,整える・磨く・輪郭を作るヒント,朝・外出前,六白金星・七赤金星,今日は「シルバーのUSBメモリ」を取り入れると、気持ちの輪郭を整えやすい日です。,文具・学び,考えごと・学び,通年,金|文具・学び|シルバー|シルバーのUSBメモリ
金,,金属製のブックエンド,シルバー,整える・磨く・輪郭を作るヒント,朝・外出前,六白金星・七赤金星,今日は「金属製のブックエンド」を取り入れると、気持ちの輪郭を整えやすい日です。,日用品,日常に小さく取り入れる,通年,金|日用品|シルバー|金属製のブックエンド
水,○,ガラスのコップ,クリア,休む・流す・静けさを取り戻すヒント,夜・休息,一白水星,今日は「ガラスのコップ」を取り入れると、頭と心に余白が戻りやすいかもしれません。,飲食・休息,休憩・回復,夏,水|飲食・休息|クリア|ガラスのコップ
水,○,青いキーホルダー,ブルー,休む・流す・静けさを取り戻すヒント,夜・休息,一白水星,今日は「青いキーホルダー」を取り入れると、頭と心に余白が戻りやすいかもしれません。,日用品,日常に小さく取り入れる,通年,水|日用品|ブルー|青いキーホルダー
水,○,ゆっくりのお風呂,水色,休む・流す・静けさを取り戻すヒント,夜・休息,一白水星,今日は「ゆっくりのお風呂」を取り入れると、頭と心に余白が戻りやすいかもしれません。,飲食・休息,休憩・回復,通年,水|飲食・休息|水色|ゆっくりのお風呂
水,○,天然水のペットボトル,クリアブルー,休む・流す・静けさを取り戻すヒント,夜・休息,一白水星,今日は「天然水のペットボトル」を取り入れると、頭と心に余白が戻りやすいかもしれません。,飲食・休息,休憩・回復,通年,水|飲食・休息|クリアブルー|天然水のペットボトル
水,○,紺のハンカチ,ネイビー,休む・流す・静けさを取り戻すヒント,夜・休息,一白水星,今日は「紺のハンカチ」を取り入れると、頭と心に余白が戻りやすいかもしれません。,身につけるもの,外出前・身支度,通年,水|身につけるもの|ネイビー|紺のハンカチ
水,○,ガラスのフラワーベース,クリアブルー,休む・流す・静けさを取り戻すヒント,夜・休息,一白水星,今日は「ガラスのフラワーベース」を取り入れると、頭と心に余白が戻りやすいかもしれません。,暮らしの道具,生活の土台を整える,夏,水|暮らしの道具|クリアブルー|ガラスのフラワーベース
水,○,ラベンダーの入浴剤,ラベンダー,休む・流す・静けさを取り戻すヒント,夜・休息,一白水星,今日は「ラベンダーの入浴剤」を取り入れると、頭と心に余白が戻りやすいかもしれません。,飲食・休息,休憩・回復,秋・冬,水|飲食・休息|ラベンダー|ラベンダーの入浴剤
水,○,ネイビーのソックス,ネイビー,休む・流す・静けさを取り戻すヒント,夜・休息,一白水星,今日は「ネイビーのソックス」を取り入れると、頭と心に余白が戻りやすいかもしれません。,身につけるもの,外出前・身支度,通年,水|身につけるもの|ネイビー|ネイビーのソックス
水,○,化粧水,ペールブルー,休む・流す・静けさを取り戻すヒント,夜・休息,一白水星,今日は「化粧水」を取り入れると、頭と心に余白が戻りやすいかもしれません。,日用品,日常に小さく取り入れる,通年,水|日用品|ペールブルー|化粧水
水,○,青いボールペン,ロイヤルブルー,休む・流す・静けさを取り戻すヒント,夜・休息,一白水星,今日は「青いボールペン」を取り入れると、頭と心に余白が戻りやすいかもしれません。,文具・学び,考えごと・学び,通年,水|文具・学び|ロイヤルブルー|青いボールペン
水,○,ガラスのピアス,クリア,休む・流す・静けさを取り戻すヒント,夜・休息,一白水星,今日は「ガラスのピアス」を取り入れると、頭と心に余白が戻りやすいかもしれません。,身につけるもの,外出前・身支度,夏,水|身につけるもの|クリア|ガラスのピアス
水,○,黒い手帳,ブラック,休む・流す・静けさを取り戻すヒント,夜・休息,一白水星,今日は「黒い手帳」を取り入れると、頭と心に余白が戻りやすいかもしれません。,文具・学び,考えごと・学び,通年,水|文具・学び|ブラック|黒い手帳
水,○,ミネラルウォーター,アクア,休む・流す・静けさを取り戻すヒント,夜・休息,一白水星,今日は「ミネラルウォーター」を取り入れると、頭と心に余白が戻りやすいかもしれません。,日用品,日常に小さく取り入れる,通年,水|日用品|アクア|ミネラルウォーター
水,○,水色のマグ,スカイブルー,休む・流す・静けさを取り戻すヒント,夜・休息,一白水星,今日は「水色のマグ」を取り入れると、頭と心に余白が戻りやすいかもしれません。,飲食・休息,休憩・回復,通年,水|飲食・休息|スカイブルー|水色のマグ
水,○,シルクの枕カバー,ミッドナイトブルー,休む・流す・静けさを取り戻すヒント,夜・休息,一白水星,今日は「シルクの枕カバー」を取り入れると、頭と心に余白が戻りやすいかもしれません。,暮らしの道具,生活の土台を整える,通年,水|暮らしの道具|ミッドナイトブルー|シルクの枕カバー
水,○,アロマバスソルト,ラベンダーブルー,休む・流す・静けさを取り戻すヒント,夜・休息,一白水星,今日は「アロマバスソルト」を取り入れると、頭と心に余白が戻りやすいかもしれません。,飲食・休息,休憩・回復,秋・冬,水|飲食・休息|ラベンダーブルー|アロマバスソルト
水,○,紺のキャップ,ネイビー,休む・流す・静けさを取り戻すヒント,夜・休息,一白水星,今日は「紺のキャップ」を取り入れると、頭と心に余白が戻りやすいかもしれません。,身につけるもの,外出前・身支度,通年,水|身につけるもの|ネイビー|紺のキャップ
水,○,ガラスの一輪挿し,クリア,休む・流す・静けさを取り戻すヒント,夜・休息,一白水星,今日は「ガラスの一輪挿し」を取り入れると、頭と心に余白が戻りやすいかもしれません。,植物・花,部屋や机まわりを整える,夏,水|植物・花|クリア|ガラスの一輪挿し
水,○,海の写真集,マリンブルー,休む・流す・静けさを取り戻すヒント,夜・休息,一白水星,今日は「海の写真集」を取り入れると、頭と心に余白が戻りやすいかもしれません。,インテリア,視界を整える,通年,水|インテリア|マリンブルー|海の写真集
水,○,青いブックカバー,インディゴ,休む・流す・静けさを取り戻すヒント,夜・休息,一白水星,今日は「青いブックカバー」を取り入れると、頭と心に余白が戻りやすいかもしれません。,文具・学び,考えごと・学び,通年,水|文具・学び|インディゴ|青いブックカバー
水,○,ネイビーの手帳,ネイビー,休む・流す・静けさを取り戻すヒント,夜・休息,一白水星,今日は「ネイビーの手帳」を取り入れると、頭と心に余白が戻りやすいかもしれません。,文具・学び,考えごと・学び,通年,水|文具・学び|ネイビー|ネイビーの手帳
水,○,黒いペン,ブラック,休む・流す・静けさを取り戻すヒント,夜・休息,一白水星,今日は「黒いペン」を取り入れると、頭と心に余白が戻りやすいかもしれません。,文具・学び,考えごと・学び,通年,水|文具・学び|ブラック|黒いペン
水,○,藍色のノート,インディゴ,休む・流す・静けさを取り戻すヒント,夜・休息,一白水星,今日は「藍色のノート」を取り入れると、頭と心に余白が戻りやすいかもしれません。,文具・学び,考えごと・学び,通年,水|文具・学び|インディゴ|藍色のノート
水,○,青いスマホ壁紙,ディープブルー,休む・流す・静けさを取り戻すヒント,夜・休息,一白水星,今日は「青いスマホ壁紙」を取り入れると、頭と心に余白が戻りやすいかもしれません。,デジタル・仕事道具,机まわりを整える,通年,水|デジタル・仕事道具|ディープブルー|青いスマホ壁紙
水,○,クリアガラスのチャーム,クリア,休む・流す・静けさを取り戻すヒント,夜・休息,一白水星,今日は「クリアガラスのチャーム」を取り入れると、頭と心に余白が戻りやすいかもしれません。,日用品,日常に小さく取り入れる,夏,水|日用品|クリア|クリアガラスのチャーム
水,○,青いハンカチ,ブルー,休む・流す・静けさを取り戻すヒント,夜・休息,一白水星,今日は「青いハンカチ」を取り入れると、頭と心に余白が戻りやすいかもしれません。,身につけるもの,外出前・身支度,通年,水|身につけるもの|ブルー|青いハンカチ
水,○,深青のポーチ,ミッドナイトブルー,休む・流す・静けさを取り戻すヒント,夜・休息,一白水星,今日は「深青のポーチ」を取り入れると、頭と心に余白が戻りやすいかもしれません。,身につけるもの,外出前・身支度,通年,水|身につけるもの|ミッドナイトブルー|深青のポーチ
水,○,ガラスの箸置き,クリアブルー,休む・流す・静けさを取り戻すヒント,夜・休息,一白水星,今日は「ガラスの箸置き」を取り入れると、頭と心に余白が戻りやすいかもしれません。,暮らしの道具,生活の土台を整える,夏,水|暮らしの道具|クリアブルー|ガラスの箸置き
水,○,青いクリアファイル,ブルー,休む・流す・静けさを取り戻すヒント,夜・休息,一白水星,今日は「青いクリアファイル」を取り入れると、頭と心に余白が戻りやすいかもしれません。,文具・学び,考えごと・学び,通年,水|文具・学び|ブルー|青いクリアファイル
水,○,雨音のプレイリスト,ブルーグレー,休む・流す・静けさを取り戻すヒント,夜・休息,一白水星,今日は「雨音のプレイリスト」を取り入れると、頭と心に余白が戻りやすいかもしれません。,香り・灯り,気分の切り替え,梅雨,水|香り・灯り|ブルーグレー|雨音のプレイリスト
水,,黒いマグカップ,ブラック,休む・流す・静けさを取り戻すヒント,夜・休息,一白水星,今日は「黒いマグカップ」を取り入れると、頭と心に余白が戻りやすいかもしれません。,飲食・休息,休憩・回復,通年,水|飲食・休息|ブラック|黒いマグカップ
水,,ネイビーのブックカバー,ネイビー,休む・流す・静けさを取り戻すヒント,夜・休息,一白水星,今日は「ネイビーのブックカバー」を取り入れると、頭と心に余白が戻りやすいかもしれません。,文具・学び,考えごと・学び,通年,水|文具・学び|ネイビー|ネイビーのブックカバー
水,,青い折りたたみ傘,ブルー,休む・流す・静けさを取り戻すヒント,夜・休息,一白水星,今日は「青い折りたたみ傘」を取り入れると、頭と心に余白が戻りやすいかもしれません。,身につけるもの,外出前・身支度,梅雨,水|身につけるもの|ブルー|青い折りたたみ傘
水,,水色の付箋,スカイブルー,休む・流す・静けさを取り戻すヒント,夜・休息,一白水星,今日は「水色の付箋」を取り入れると、頭と心に余白が戻りやすいかもしれません。,日用品,日常に小さく取り入れる,通年,水|日用品|スカイブルー|水色の付箋
水,,ガラスのペーパーウェイト,クリア,休む・流す・静けさを取り戻すヒント,夜・休息,一白水星,今日は「ガラスのペーパーウェイト」を取り入れると、頭と心に余白が戻りやすいかもしれません。,文具・学び,考えごと・学び,夏,水|文具・学び|クリア|ガラスのペーパーウェイト
水,,青いストール,ブルー,休む・流す・静けさを取り戻すヒント,夜・休息,一白水星,今日は「青いストール」を取り入れると、頭と心に余白が戻りやすいかもしれません。,身につけるもの,外出前・身支度,通年,水|身につけるもの|ブルー|青いストール
水,,夜の白湯,クリア,休む・流す・静けさを取り戻すヒント,夜・休息,一白水星,今日は「夜の白湯」を取り入れると、頭と心に余白が戻りやすいかもしれません。,飲食・休息,休憩・回復,通年,水|飲食・休息|クリア|夜の白湯
水,,海辺の写真,マリンブルー,休む・流す・静けさを取り戻すヒント,夜・休息,一白水星,今日は「海辺の写真」を取り入れると、頭と心に余白が戻りやすいかもしれません。,インテリア,視界を整える,通年,水|インテリア|マリンブルー|海辺の写真
水,,ネイビーの財布,ネイビー,休む・流す・静けさを取り戻すヒント,夜・休息,一白水星,今日は「ネイビーの財布」を取り入れると、頭と心に余白が戻りやすいかもしれません。,身につけるもの,外出前・身支度,通年,水|身につけるもの|ネイビー|ネイビーの財布
水,,青いマスキングテープ,アクアブルー,休む・流す・静けさを取り戻すヒント,夜・休息,一白水星,今日は「青いマスキングテープ」を取り入れると、頭と心に余白が戻りやすいかもしれません。,文具・学び,考えごと・学び,通年,水|文具・学び|アクアブルー|青いマスキングテープ
水,,黒いカードケース,ブラック,休む・流す・静けさを取り戻すヒント,夜・休息,一白水星,今日は「黒いカードケース」を取り入れると、頭と心に余白が戻りやすいかもしれません。,文具・学び,考えごと・学び,通年,水|文具・学び|ブラック|黒いカードケース
水,,水色のタオル,水色,休む・流す・静けさを取り戻すヒント,夜・休息,一白水星,今日は「水色のタオル」を取り入れると、頭と心に余白が戻りやすいかもしれません。,暮らしの道具,生活の土台を整える,通年,水|暮らしの道具|水色|水色のタオル
水,,ガラスの小皿,クリア,休む・流す・静けさを取り戻すヒント,夜・休息,一白水星,今日は「ガラスの小皿」を取り入れると、頭と心に余白が戻りやすいかもしれません。,暮らしの道具,生活の土台を整える,夏,水|暮らしの道具|クリア|ガラスの小皿
水,,藍染めのハンカチ,藍色,休む・流す・静けさを取り戻すヒント,夜・休息,一白水星,今日は「藍染めのハンカチ」を取り入れると、頭と心に余白が戻りやすいかもしれません。,身につけるもの,外出前・身支度,通年,水|身につけるもの|藍色|藍染めのハンカチ
水,,黒いソックス,ブラック,休む・流す・静けさを取り戻すヒント,夜・休息,一白水星,今日は「黒いソックス」を取り入れると、頭と心に余白が戻りやすいかもしれません。,身につけるもの,外出前・身支度,通年,水|身につけるもの|ブラック|黒いソックス
水,,青いイヤホンケース,ブルー,休む・流す・静けさを取り戻すヒント,夜・休息,一白水星,今日は「青いイヤホンケース」を取り入れると、頭と心に余白が戻りやすいかもしれません。,デジタル・仕事道具,机まわりを整える,通年,水|デジタル・仕事道具|ブルー|青いイヤホンケース
水,,ネイビーのノートPCケース,ネイビー,休む・流す・静けさを取り戻すヒント,夜・休息,一白水星,今日は「ネイビーのノートPCケース」を取り入れると、頭と心に余白が戻りやすいかもしれません。,文具・学び,考えごと・学び,通年,水|文具・学び|ネイビー|ネイビーのノートPCケース
水,,透明なボトル,クリア,休む・流す・静けさを取り戻すヒント,夜・休息,一白水星,今日は「透明なボトル」を取り入れると、頭と心に余白が戻りやすいかもしれません。,飲食・休息,休憩・回復,通年,水|飲食・休息|クリア|透明なボトル
水,,ブルーのアロマミスト,アクアブルー,休む・流す・静けさを取り戻すヒント,夜・休息,一白水星,今日は「ブルーのアロマミスト」を取り入れると、頭と心に余白が戻りやすいかもしれません。,香り・灯り,気分の切り替え,通年,水|香り・灯り|アクアブルー|ブルーのアロマミスト
水,,黒いブックカバー,ブラック,休む・流す・静けさを取り戻すヒント,夜・休息,一白水星,今日は「黒いブックカバー」を取り入れると、頭と心に余白が戻りやすいかもしれません。,文具・学び,考えごと・学び,通年,水|文具・学び|ブラック|黒いブックカバー
水,,海のポストカード,マリンブルー,休む・流す・静けさを取り戻すヒント,夜・休息,一白水星,今日は「海のポストカード」を取り入れると、頭と心に余白が戻りやすいかもしれません。,文具・学び,考えごと・学び,通年,水|文具・学び|マリンブルー|海のポストカード
水,,青いペンケース,ロイヤルブルー,休む・流す・静けさを取り戻すヒント,夜・休息,一白水星,今日は「青いペンケース」を取り入れると、頭と心に余白が戻りやすいかもしれません。,文具・学び,考えごと・学び,通年,水|文具・学び|ロイヤルブルー|青いペンケース
水,,ラベンダーの香り,ラベンダー,休む・流す・静けさを取り戻すヒント,夜・休息,一白水星,今日は「ラベンダーの香り」を取り入れると、頭と心に余白が戻りやすいかもしれません。,日用品,日常に小さく取り入れる,通年,水|日用品|ラベンダー|ラベンダーの香り
水,,水色のルームソックス,水色,休む・流す・静けさを取り戻すヒント,夜・休息,一白水星,今日は「水色のルームソックス」を取り入れると、頭と心に余白が戻りやすいかもしれません。,身につけるもの,外出前・身支度,通年,水|身につけるもの|水色|水色のルームソックス
水,,ガラスのキャンドルホルダー,クリアブルー,休む・流す・静けさを取り戻すヒント,夜・休息,一白水星,今日は「ガラスのキャンドルホルダー」を取り入れると、頭と心に余白が戻りやすいかもしれません。,香り・灯り,気分の切り替え,夏,水|香り・灯り|クリアブルー|ガラスのキャンドルホルダー
水,,ネイビーのトートバッグ,ネイビー,休む・流す・静けさを取り戻すヒント,夜・休息,一白水星,今日は「ネイビーのトートバッグ」を取り入れると、頭と心に余白が戻りやすいかもしれません。,身につけるもの,外出前・身支度,通年,水|身につけるもの|ネイビー|ネイビーのトートバッグ
水,,黒いスマホケース,ブラック,休む・流す・静けさを取り戻すヒント,夜・休息,一白水星,今日は「黒いスマホケース」を取り入れると、頭と心に余白が戻りやすいかもしれません。,デジタル・仕事道具,机まわりを整える,通年,水|デジタル・仕事道具|ブラック|黒いスマホケース
水,,青いメモ帳,ブルー,休む・流す・静けさを取り戻すヒント,夜・休息,一白水星,今日は「青いメモ帳」を取り入れると、頭と心に余白が戻りやすいかもしれません。,文具・学び,考えごと・学び,通年,水|文具・学び|ブルー|青いメモ帳
水,,透明なグラス,クリア,休む・流す・静けさを取り戻すヒント,夜・休息,一白水星,今日は「透明なグラス」を取り入れると、頭と心に余白が戻りやすいかもしれません。,日用品,日常に小さく取り入れる,通年,水|日用品|クリア|透明なグラス
水,,夜空の写真,ミッドナイトブルー,休む・流す・静けさを取り戻すヒント,夜・休息,一白水星,今日は「夜空の写真」を取り入れると、頭と心に余白が戻りやすいかもしれません。,インテリア,視界を整える,通年,水|インテリア|ミッドナイトブルー|夜空の写真
水,,黒い折りたたみ傘,ブラック,休む・流す・静けさを取り戻すヒント,夜・休息,一白水星,今日は「黒い折りたたみ傘」を取り入れると、頭と心に余白が戻りやすいかもしれません。,身につけるもの,外出前・身支度,梅雨,水|身につけるもの|ブラック|黒い折りたたみ傘
水,,水色のマウスパッド,スカイブルー,休む・流す・静けさを取り戻すヒント,夜・休息,一白水星,今日は「水色のマウスパッド」を取り入れると、頭と心に余白が戻りやすいかもしれません。,デジタル・仕事道具,机まわりを整える,通年,水|デジタル・仕事道具|スカイブルー|水色のマウスパッド
水,,青いマグネット,ブルー,休む・流す・静けさを取り戻すヒント,夜・休息,一白水星,今日は「青いマグネット」を取り入れると、頭と心に余白が戻りやすいかもしれません。,飲食・休息,休憩・回復,通年,水|飲食・休息|ブルー|青いマグネット
水,,ネイビーのカーディガン,ネイビー,休む・流す・静けさを取り戻すヒント,夜・休息,一白水星,今日は「ネイビーのカーディガン」を取り入れると、頭と心に余白が戻りやすいかもしれません。,日用品,日常に小さく取り入れる,通年,水|日用品|ネイビー|ネイビーのカーディガン
水,,黒い名刺入れ,ブラック,休む・流す・静けさを取り戻すヒント,夜・休息,一白水星,今日は「黒い名刺入れ」を取り入れると、頭と心に余白が戻りやすいかもしれません。,身につけるもの,外出前・身支度,通年,水|身につけるもの|ブラック|黒い名刺入れ
水,,ガラスのブックマーカー,クリア,休む・流す・静けさを取り戻すヒント,夜・休息,一白水星,今日は「ガラスのブックマーカー」を取り入れると、頭と心に余白が戻りやすいかもしれません。,日用品,日常に小さく取り入れる,夏,水|日用品|クリア|ガラスのブックマーカー
水,,青い花を一輪,ブルー,休む・流す・静けさを取り戻すヒント,夜・休息,一白水星,今日は「青い花を一輪」を取り入れると、頭と心に余白が戻りやすいかもしれません。,植物・花,部屋や机まわりを整える,春,水|植物・花|ブルー|青い花を一輪
水,,静かな音楽のプレイリスト,ミッドナイトブルー,休む・流す・静けさを取り戻すヒント,夜・休息,一白水星,今日は「静かな音楽のプレイリスト」を取り入れると、頭と心に余白が戻りやすいかもしれません。,香り・灯り,気分の切り替え,通年,水|香り・灯り|ミッドナイトブルー|静かな音楽のプレイリスト
水,,水出しハーブティーのボトル,アクア,休む・流す・静けさを取り戻すヒント,夜・休息,一白水星,今日は「水出しハーブティーのボトル」を取り入れると、頭と心に余白が戻りやすいかもしれません。,飲食・休息,休憩・回復,春,水|飲食・休息|アクア|水出しハーブティーのボトル
水,,黒いポーチ,ブラック,休む・流す・静けさを取り戻すヒント,夜・休息,一白水星,今日は「黒いポーチ」を取り入れると、頭と心に余白が戻りやすいかもしれません。,身につけるもの,外出前・身支度,通年,水|身につけるもの|ブラック|黒いポーチ
水,,青いランチクロス,ブルー,休む・流す・静けさを取り戻すヒント,夜・休息,一白水星,今日は「青いランチクロス」を取り入れると、頭と心に余白が戻りやすいかもしれません。,日用品,日常に小さく取り入れる,通年,水|日用品|ブルー|青いランチクロス
水,,水色のブランケット,ペールブルー,休む・流す・静けさを取り戻すヒント,夜・休息,一白水星,今日は「水色のブランケット」を取り入れると、頭と心に余白が戻りやすいかもしれません。,暮らしの道具,生活の土台を整える,秋・冬,水|暮らしの道具|ペールブルー|水色のブランケット
水,,ネイビーのキーホルダー,ネイビー,休む・流す・静けさを取り戻すヒント,夜・休息,一白水星,今日は「ネイビーのキーホルダー」を取り入れると、頭と心に余白が戻りやすいかもしれません。,日用品,日常に小さく取り入れる,通年,水|日用品|ネイビー|ネイビーのキーホルダー
水,,ガラスのアクセサリートレイ,クリア,休む・流す・静けさを取り戻すヒント,夜・休息,一白水星,今日は「ガラスのアクセサリートレイ」を取り入れると、頭と心に余白が戻りやすいかもしれません。,身につけるもの,外出前・身支度,夏,水|身につけるもの|クリア|ガラスのアクセサリートレイ
水,,黒い万年筆,ブラック,休む・流す・静けさを取り戻すヒント,夜・休息,一白水星,今日は「黒い万年筆」を取り入れると、頭と心に余白が戻りやすいかもしれません。,日用品,日常に小さく取り入れる,通年,水|日用品|ブラック|黒い万年筆
水,,青いカードケース,ブルー,休む・流す・静けさを取り戻すヒント,夜・休息,一白水星,今日は「青いカードケース」を取り入れると、頭と心に余白が戻りやすいかもしれません。,文具・学び,考えごと・学び,通年,水|文具・学び|ブルー|青いカードケース
水,,湖の写真,ディープブルー,休む・流す・静けさを取り戻すヒント,夜・休息,一白水星,今日は「湖の写真」を取り入れると、頭と心に余白が戻りやすいかもしれません。,インテリア,視界を整える,通年,水|インテリア|ディープブルー|湖の写真
水,,透明なスマホケース,クリア,休む・流す・静けさを取り戻すヒント,夜・休息,一白水星,今日は「透明なスマホケース」を取り入れると、頭と心に余白が戻りやすいかもしれません。,デジタル・仕事道具,机まわりを整える,通年,水|デジタル・仕事道具|クリア|透明なスマホケース
水,,ラベンダーブルーの入浴剤,ラベンダーブルー,休む・流す・静けさを取り戻すヒント,夜・休息,一白水星,今日は「ラベンダーブルーの入浴剤」を取り入れると、頭と心に余白が戻りやすいかもしれません。,飲食・休息,休憩・回復,秋・冬,水|飲食・休息|ラベンダーブルー|ラベンダーブルーの入浴剤
水,,青い靴下,ブルー,休む・流す・静けさを取り戻すヒント,夜・休息,一白水星,今日は「青い靴下」を取り入れると、頭と心に余白が戻りやすいかもしれません。,身につけるもの,外出前・身支度,通年,水|身につけるもの|ブルー|青い靴下
水,,ネイビーのストール,ネイビー,休む・流す・静けさを取り戻すヒント,夜・休息,一白水星,今日は「ネイビーのストール」を取り入れると、頭と心に余白が戻りやすいかもしれません。,身につけるもの,外出前・身支度,通年,水|身につけるもの|ネイビー|ネイビーのストール
水,,黒い手袋,ブラック,休む・流す・静けさを取り戻すヒント,夜・休息,一白水星,今日は「黒い手袋」を取り入れると、頭と心に余白が戻りやすいかもしれません。,身につけるもの,外出前・身支度,秋・冬,水|身につけるもの|ブラック|黒い手袋
水,,水色のスマホリング,水色,休む・流す・静けさを取り戻すヒント,夜・休息,一白水星,今日は「水色のスマホリング」を取り入れると、頭と心に余白が戻りやすいかもしれません。,身につけるもの,外出前・身支度,通年,水|身につけるもの|水色|水色のスマホリング
水,,青い名刺入れ,ロイヤルブルー,休む・流す・静けさを取り戻すヒント,夜・休息,一白水星,今日は「青い名刺入れ」を取り入れると、頭と心に余白が戻りやすいかもしれません。,身につけるもの,外出前・身支度,通年,水|身につけるもの|ロイヤルブルー|青い名刺入れ
水,,ガラスの風鈴,クリアブルー,休む・流す・静けさを取り戻すヒント,夜・休息,一白水星,今日は「ガラスの風鈴」を取り入れると、頭と心に余白が戻りやすいかもしれません。,日用品,日常に小さく取り入れる,夏,水|日用品|クリアブルー|ガラスの風鈴
水,,雨色のしおり,ブルーグレー,休む・流す・静けさを取り戻すヒント,夜・休息,一白水星,今日は「雨色のしおり」を取り入れると、頭と心に余白が戻りやすいかもしれません。,文具・学び,考えごと・学び,梅雨,水|文具・学び|ブルーグレー|雨色のしおり
水,,黒いマウス,ブラック,休む・流す・静けさを取り戻すヒント,夜・休息,一白水星,今日は「黒いマウス」を取り入れると、頭と心に余白が戻りやすいかもしれません。,デジタル・仕事道具,机まわりを整える,通年,水|デジタル・仕事道具|ブラック|黒いマウス
水,,青いカレンダー,ブルー,休む・流す・静けさを取り戻すヒント,夜・休息,一白水星,今日は「青いカレンダー」を取り入れると、頭と心に余白が戻りやすいかもしれません。,暮らしの道具,生活の土台を整える,通年,水|暮らしの道具|ブルー|青いカレンダー
水,,ネイビーのペンケース,ネイビー,休む・流す・静けさを取り戻すヒント,夜・休息,一白水星,今日は「ネイビーのペンケース」を取り入れると、頭と心に余白が戻りやすいかもしれません。,文具・学び,考えごと・学び,通年,水|文具・学び|ネイビー|ネイビーのペンケース
水,,透明な花瓶,クリア,休む・流す・静けさを取り戻すヒント,夜・休息,一白水星,今日は「透明な花瓶」を取り入れると、頭と心に余白が戻りやすいかもしれません。,植物・花,部屋や机まわりを整える,春,水|植物・花|クリア|透明な花瓶
水,,水色のエコバッグ,スカイブルー,休む・流す・静けさを取り戻すヒント,夜・休息,一白水星,今日は「水色のエコバッグ」を取り入れると、頭と心に余白が戻りやすいかもしれません。,身につけるもの,外出前・身支度,通年,水|身につけるもの|スカイブルー|水色のエコバッグ
水,,黒いデスクトレー,ブラック,休む・流す・静けさを取り戻すヒント,夜・休息,一白水星,今日は「黒いデスクトレー」を取り入れると、頭と心に余白が戻りやすいかもしれません。,暮らしの道具,生活の土台を整える,通年,水|暮らしの道具|ブラック|黒いデスクトレー
水,,青いアートカード,インディゴ,休む・流す・静けさを取り戻すヒント,夜・休息,一白水星,今日は「青いアートカード」を取り入れると、頭と心に余白が戻りやすいかもしれません。,文具・学び,考えごと・学び,通年,水|文具・学び|インディゴ|青いアートカード
水,,海色のマグカップ,マリンブルー,休む・流す・静けさを取り戻すヒント,夜・休息,一白水星,今日は「海色のマグカップ」を取り入れると、頭と心に余白が戻りやすいかもしれません。,飲食・休息,休憩・回復,通年,水|飲食・休息|マリンブルー|海色のマグカップ
水,,ネイビーのハンドタオル,ネイビー,休む・流す・静けさを取り戻すヒント,夜・休息,一白水星,今日は「ネイビーのハンドタオル」を取り入れると、頭と心に余白が戻りやすいかもしれません。,暮らしの道具,生活の土台を整える,通年,水|暮らしの道具|ネイビー|ネイビーのハンドタオル
水,,透明な一輪挿し,クリア,休む・流す・静けさを取り戻すヒント,夜・休息,一白水星,今日は「透明な一輪挿し」を取り入れると、頭と心に余白が戻りやすいかもしれません。,植物・花,部屋や机まわりを整える,通年,水|植物・花|クリア|透明な一輪挿し
水,,青いしおり,ブルー,休む・流す・静けさを取り戻すヒント,夜・休息,一白水星,今日は「青いしおり」を取り入れると、頭と心に余白が戻りやすいかもしれません。,文具・学び,考えごと・学び,通年,水|文具・学び|ブルー|青いしおり
水,,夜用アロマミスト,ミッドナイトブルー,休む・流す・静けさを取り戻すヒント,夜・休息,一白水星,今日は「夜用アロマミスト」を取り入れると、頭と心に余白が戻りやすいかもしれません。,香り・灯り,気分の切り替え,通年,水|香り・灯り|ミッドナイトブルー|夜用アロマミスト
水,,黒いキーケース,ブラック,休む・流す・静けさを取り戻すヒント,夜・休息,一白水星,今日は「黒いキーケース」を取り入れると、頭と心に余白が戻りやすいかもしれません。,身につけるもの,外出前・身支度,通年,水|身につけるもの|ブラック|黒いキーケース
水,,水色のポストカード,ペールブルー,休む・流す・静けさを取り戻すヒント,夜・休息,一白水星,今日は「水色のポストカード」を取り入れると、頭と心に余白が戻りやすいかもしれません。,文具・学び,考えごと・学び,通年,水|文具・学び|ペールブルー|水色のポストカード
